-1.549102653607188351e+01,-4.282517943813658690e+00
-1.652102866420502636e+01,-2.437100435995280812e+00
-1.229882295085515587e+01,-6.459148678367003349e+00
-1.658487336801568901e+01,-8.582823640492611261e+00
-2.121842039258671875e+01,-9.571824331775387051e+00
-1.827205789438414740e+01,-9.509382540401130512e+00
-1.346213569925636477e+01,-6.440667850186554411e+00
-1.776130387390848853e+01,-5.149388872758261293e+00
-1.830201281298172589e+01,-6.472406376436790509e+00
-1.355361197496142722e+01,-4.375841742406556989e+00
-1.196477528174264648e+01,-4.022869648877039239e+00
-1.840460656793180405e+01,-7.249002309437103442e+00
-1.868468600048743511e+01,-6.017817684315644122e+00
-1.503922418763485247e+01,-7.165484493565544177e+00
-1.911299692220626767e+01,-7.579599956441400721e+00
-1.817724746825664539e+01,-1.405002334298120159e+00
-1.764074504293195744e+01,-4.255076770372444805e+00
-2.040286657741265230e+01,-9.346707295897932477e-01
-1.625764149381306822e+01,-5.361693246132879231e+00
-1.760732437576133691e+01,-5.678485513089913894e+00
-2.193044324190360328e+01,-9.380055372483145248e+00
-1.917066715142081890e+01,-9.544252581972719085e+00
-2.313152526276177667e+01,-1.109310034318407112e+01
-1.471602176332357104e+01,-4.977364332313329420e+00
-1.879017406858759642e+01,-7.952130561944769305e+00
-2.232365833653018328e+01,-1.335912365705918647e+00
-2.311149461382968440e+01,3.798649956649695625e-01
-1.900187152318604689e+01,1.243266850946793678e+00
-2.110898246446939552e+01,1.101819074157869061e+00
-2.357620008858614113e+01,-2.247366478726014360e+00
-2.475460343207635106e+01,-2.847595126105053609e+00
-2.538242201199506098e+01,-2.511747654615292813e+00
-2.378858159188473920e+01,-2.484782962485200919e+00
-1.962706314536454144e+01,-8.363165061372378473e-01
-2.069519070558927609e+01,-1.117532988401041427e+00
-2.003352112749639247e+01,-3.273161261966745617e+00
-1.904162742135834918e+01,-2.368289183526724795e+00
-2.336094167749331518e+01,-3.927855502190168213e+00
-2.172323231523757059e+01,-2.585873575748681485e+00
-2.417557488974205171e+01,-3.187335771446585309e+00
-2.035094483549952216e+01,-1.622183547658181846e+00
-2.055534012422337398e+01,-3.192874720373619080e-01
-2.429762060786134015e+01,-1.723927338142769106e+00
-2.555008500976281738e+01,-3.308180128698348099e+00
-1.857519320421723208e+01,-2.024066115352147754e+00
-2.161017262935573413e+01,-2.265901303528325528e+00
-1.949005030092695634e+01,-1.723303528626414671e+00
-2.064368428228794627e+01,2.027452989568667263e+00
-2.169432260185860883e+01,-1.179550960861864839e+00
-1.670662158599448688e+01,8.382702233064583952e-01
-1.964586032464865539e+01,-3.409936929569860276e+00
-1.886977301743727509e+01,-1.379987806479818779e+00
-2.126666895083691955e+01,-8.363643346656178812e-01
-1.740587853335408042e+01,-1.394160221734800587e+00
-1.925395328465012312e+01,-1.829467004091358762e+00
-2.140449716322638096e+01,-1.036163966799913183e+00
-1.650576303414197810e+01,-1.980254668283289998e+00
-2.151844084650049638e+01,-1.502089014938319256e+00
-1.524545588248282080e+01,-5.128236900079958804e-01
-1.678860724846815700e+01,-2.544716983795909382e+00
-2.298641621288996717e+01,1.568219998142834415e+00
-1.930273382088293843e+01,-4.182276811231821156e+00
-2.130717087799958875e+01,-2.808192129755720412e+00
-1.789458845707422796e+01,8.469927755824061544e-01
-2.086108520661258936e+01,-2.398689508593191688e-01
-2.059648102572857908e+01,-2.967873835094160029e+00
-1.815974831378170506e+01,1.565490212388732427e+00
-2.565389585537947781e+01,-1.983839687558905052e+00
-2.467254178992235936e+01,-3.232588583583146935e+00
-2.279630583761372264e+01,2.684178403047374761e+00
-2.206287364875561963e+01,-1.575059521374703175e+00
-2.419112591303308690e+01,-3.096884367080516398e+00
-2.132253174329668965e+01,-2.713121863373149978e+00
-1.981470855220240423e+01,-3.389202272088847945e+00
-1.749972351511260271e+01,4.265443352873435345e-01
-1.772303395829348460e+01,2.094991468316926286e-01
-2.052100641798365643e+01,1.354129178940794320e+00
-2.104308014558938567e+01,-5.825033784512626767e+00
-2.304037818928367898e+01,-4.319101113795590585e+00
-2.362372639802606145e+01,-3.106379674345815634e+00
-2.002920274510834631e+01,-1.833787426388916231e+00
-2.188056741154582951e+01,6.507414324023208962e+00
-1.908300832974112282e+01,5.722933427656900385e+00
-2.159026261867063212e+01,8.906931834196296194e+00
-2.150590851938258652e+01,6.332599034417967232e+00
-2.429024266204971028e+01,3.742360046471405077e+00
-2.875907566509043534e+01,4.995411802883312546e+00
-2.784920975291108647e+01,8.523894569217402406e+00
-2.987443004112108724e+01,6.394438154708885769e+00
-2.386046009314796024e+01,5.050677933273689746e+00
-2.498445523044419403e+01,3.412946583471026418e+00
-2.773504032651581497e+01,6.141408779658609873e+00
-2.718118475393128008e+01,8.262493289633605187e+00
-2.433617175569617075e+01,8.329921556183910170e+00
-2.444972249583463153e+01,8.559901017464275341e+00
-2.306738839237014460e+01,8.560986769977468214e+00
-2.247697566832018623e+01,7.936995548868458705e+00
-2.238105730073910138e+01,1.006323224253265813e+01
-2.705941683234387085e+01,6.056522326323634076e+00
-2.072959488806959527e+01,9.324144580971527319e+00
-2.069958816985700878e+01,8.501339872783150398e+00
-2.180076766704332414e+01,6.027396545541907180e+00
-2.548760541411507674e+01,7.674138043532803266e+00
-2.223201791754836165e+01,8.837587968476428912e+00
-2.520917405054753146e+01,7.170609240964880726e+00
-2.704477670598330974e+01,3.241913304833858867e+00
-2.366438840649724540e+01,5.861980126632271748e+00
-2.103075605919130808e+01,9.260881766369687185e+00
-2.076828427126653054e+01,7.293967377716687572e+00
-2.206939052527390643e+01,9.614917477488502229e+00
-2.068341448974054941e+01,1.046242684510408871e+01
-2.347462362702911420e+01,8.348223783448094792e+00
-2.293928699369476831e+01,7.234127917989939149e+00
-2.572597417677964060e+01,5.804565010895442967e+00
-1.944877681663865587e+01,1.052923229482698808e+01
-2.625389355788262691e+01,7.121822032063523267e+00
-2.688237491609667629e+01,5.961975289417125623e+00
-2.399542175408275924e+01,3.879426045831293912e+00
-1.964728691658052284e+01,8.900965114550508872e+00
-2.285552101706965189e+01,7.692775395592754251e+00
-2.044493511990650703e+01,2.595748682962298659e+00
-2.087350927284680324e+01,8.254573918378291353e+00
-2.620205835269115369e+01,4.752603563984190593e+00
-2.188886553870096563e+01,6.830276353253392330e+00
-2.214530932137455466e+01,8.201529422707931616e+00
-2.102258836017373511e+01,8.402828360449614564e+00
-2.264862269668570249e+01,7.640390498835203381e+00
-2.116336850114436530e+01,8.533412451210253380e+00
-2.366364871939725134e+01,6.825313725903331630e+00
-1.969704059323790091e+01,9.484908786933621272e+00
-2.046811468758051689e+01,8.007639585113738079e+00
-2.773131005319788756e+01,4.150047541585653477e+00
-2.539315338568735214e+01,5.261050615000750774e+00
-2.133416987506434026e+01,8.283621199130605461e+00
-2.164144760960861902e+01,5.649071705588904813e+00
-2.670621689852614367e+01,7.936594860227872417e+00
-2.238264357567016560e+01,6.883111269542637523e+00
-2.824404929544522602e+01,3.256585340243496329e+00
-2.591982586041308068e+01,3.647617002051232737e-01
-2.858273671477376610e+01,5.372768853534939382e+00
-2.612705168519065424e+01,3.685665465435323807e+00
-3.057673832087742127e+01,1.308201825136033891e+00
-2.720631409355572927e+01,7.184785482472323181e+00
-2.440702460342943070e+01,5.699770686230512418e+00
-2.153200565604816674e+01,5.904956706918492948e+00
-2.227318891539959722e+01,9.213645472434587091e+00
-2.750799948416644369e+01,7.069198332641246196e+00
-2.409814337407576446e+01,5.343851555201347026e+00
-2.462743076426647093e+01,7.758079707882732379e+00
-2.342018041023438002e+01,4.313887632679284323e+00
-2.736522589356798107e+01,7.275289215990612846e+00
-2.568396156196308766e+01,6.283989090668620214e+00
-2.494096343871892785e+01,5.227312500728885425e+00
-2.922717503376120618e+01,6.966162559553394473e+00
-2.832172955688628235e+01,4.955063926207318836e+00
-2.717781232789268486e+01,6.147571451022528777e+00
-2.751028871908132700e+01,6.578978202277641074e+00
-2.885674272615124281e+01,7.752402290709492050e+00
-3.054401198356259428e+01,7.460702801949969043e+00
-2.732373573783668519e+01,6.556314675543649884e+00
-2.544755544247872336e+01,9.098591464526787576e+00
-2.217097261075172909e+01,5.351123990888565274e+00
-2.785429808785660555e+01,8.634670769098001131e+00
-2.661315161824434483e+01,5.344672266261583538e+00
-2.389520044170803814e+01,6.072269427332711800e+00
-2.657744233920150734e+01,4.543355315830988950e+00
-2.457369455218724141e+01,1.006968298439981346e+01
-2.464452249618911495e+01,9.033360329997446314e+00
-2.029244956102078135e+01,8.894870266580547025e+00
-2.520790060473835226e+01,5.936392879412515811e+00
-2.410337681525689035e+01,3.405373545417802905e+00
-2.188132439674847873e+01,9.586177382934712554e+00
-2.492382896196808062e+01,8.413165917202743316e+00
-2.211414147022291843e+01,6.728941384677238347e+00
-2.615992883522302748e+01,2.052800562259738282e+00
-2.615706069495900721e+01,1.134283921001925677e+01
-2.735871349853877632e+01,1.006267007669126201e+01
-2.159930358029293274e+01,6.084982939431769822e+00
-2.420032775317548612e+01,6.284765019980882883e+00
-2.041436047173345258e+01,8.787069445029548120e+00
-2.786497759133922969e+01,5.274457586108763252e+00
-2.508446107059541674e+01,7.759683588287433764e+00
-2.658984826730966944e+01,6.329853440871847425e+00
-2.604263799896822462e+01,3.227902873749243451e+00
-2.315440626200737739e+01,4.740143514519314927e+00
-2.322055857066511919e+01,5.998507257821010796e+00
-2.422792441928209328e+01,2.210901913453223511e+00
-2.324696278369198410e+01,4.121602538810378746e+00
-2.708698469066512970e+01,1.889671943009004540e+00
-2.407862726884975402e+01,4.875429849897096268e+00
-2.232898056423279698e+01,7.809578050531745141e+00
-2.518245542540636706e+01,8.225761523572721501e+00
-2.606215081457627036e+01,4.237736072028425838e+00
-2.784610298100631454e+01,1.086010875410929799e+01
-2.910978915863640637e+01,6.618516173336891129e+00
-2.379350282748246315e+01,5.782479073828901583e+00
-2.482598842981445841e+01,7.952099623912586068e+00
-2.893405454525333198e+01,1.254202183051581265e+01
-2.986908285420590303e+01,9.612534779938146201e+00
-2.858473037909575254e+01,1.253007747253527171e+01
-2.538768993347353486e+01,7.006213180701614363e+00
-2.648639357955623908e+01,7.702888112016513134e+00
-2.425457647802172545e+01,6.882457280362856089e+00
-2.921556119865582701e+01,1.355445421734890665e+01
-2.723729427139054593e+01,9.334619872677324182e+00
-2.306558917374480799e+01,9.888238009774102721e+00
-2.549100929834200358e+01,7.098023402353287992e+00
-2.583239384007567097e+01,7.939055762957779372e+00
-2.281295254023431340e+01,4.636370069597790078e+00
-2.372487100484852718e+01,5.829868438063368963e+00
-2.006129697137535928e+01,3.321086368895051599e+00
-2.187405451326522154e+01,4.065377511927126264e+00
-2.288573455924473521e+01,6.140827846107689503e+00
-2.303328419293782403e+01,8.659514939432915170e+00
-2.443774737493095373e+01,3.538645063061327090e+00
-2.005934854549348501e+01,3.423205836338374830e+00
-2.902342753534422570e+01,2.897750978336465888e+00
-2.808377851040327755e+01,8.167327925002177968e-01
-2.741344082605418109e+01,4.527746018068462774e+00
-2.797672659207877643e+01,6.302757128378013718e+00
-2.659043882586460228e+01,2.711452167002347036e+00
-2.487834520915764003e+01,4.015617744773317455e+00
-2.672110965740689892e+01,3.580797325982382429e+00
-2.854601724199899948e+01,3.363648835215443444e+00
-2.822952094511774135e+01,1.705124019399516744e+00
-2.525198293164876517e+01,1.285392100019314254e+00
-2.423767085880380634e+01,1.168344110306577699e+00
-2.577879365249406263e+01,5.169956599627526295e+00
-2.536736372028474307e+01,6.831352795162037417e+00
-2.224706977566625099e+01,-1.654485532982262308e+00
-2.405116198533609051e+01,4.482493233567383939e+00
-2.481968197347431726e+01,4.946944575241587039e+00
-2.425682117108696900e+01,8.804425662118600115e-01
-2.596714858592261521e+01,5.850804794577472379e+00
-2.465181581568026203e+01,6.167566037367270937e+00
-2.487292194464103190e+01,2.754272003438662519e+00
-2.246633003012430052e+01,2.716859141567723679e+00
-2.157378848010033323e+01,5.006283979831544606e+00
-2.578761042303739970e+01,5.955392061517661872e+00
-2.539993801202241741e+01,6.606384182857729215e+00
-2.546801918080495497e+01,5.427212541003019197e+00
-2.701622702726795566e+01,9.077191075275775844e+00
-2.406007295714629635e+01,4.741107426198920116e+00
-2.403234349839595296e+01,6.233421486296601088e+00
-2.799921877467190257e+01,5.058725726674650147e+00
-2.966199924915687447e+01,8.365277610947261522e+00
-2.628344974434786607e+01,3.906455092867420209e+00
-2.685396096272685895e+01,5.613165773897425659e+00
-2.735949825364019006e+01,8.583795109298115733e+00
-2.697678847212271336e+01,7.928311452680786076e+00
-2.724114712090478818e+01,7.944409608847038839e+00
-2.590675991491074015e+01,8.534522334278744182e+00
-2.534968297126937742e+01,3.694474108990492223e+00
-2.683603652896981018e+01,4.959824743984082573e+00
-2.953782332734477833e+01,2.541960777420212203e+00
-2.880506315799732064e+01,1.297480631185595756e-01
-3.094442080491719338e+01,1.457541966488570484e+00
-2.241740859087488502e+01,-2.236081772690950320e+00
-3.161181814261992429e+01,2.807818324933446075e+00
-2.905775752609113738e+01,1.298026459497532148e+00
-3.093790292976110834e+01,-1.033928287248553568e+00
-2.656450958817293895e+01,-4.126346335860533010e+00
-1.912681831774478525e+01,-1.176593461741772018e+01
-2.039466309606417482e+01,-9.126047748602916343e+00
-1.762890087076411660e+01,-5.925716450937023261e+00
-1.380189192995191760e+01,-3.874930566764245743e+00
-1.770884142551143725e+01,-8.989485473587048858e+00
-1.935576696850516853e+01,-4.949471752451126250e+00
-2.603300431960292727e+01,-4.766781693033053990e+00
-2.039431479603844011e+01,-2.239431240015265612e+00
-2.163342272370084274e+01,-1.089265539809689010e+01
-2.271437367277225405e+01,-9.825274629935256243e+00
-2.323380612659596522e+01,-4.265367492590655729e+00
-2.834350207576759573e+01,-1.448428852571138403e+00
-2.472927639371075514e+01,-2.589218652171875412e+00
-2.692779331386812203e+01,-1.463700203422563240e+00
-2.771277348921606531e+01,2.341990035394551750e+00
-2.702979348599898302e+01,2.908808185752121300e+00
-2.925095480447673424e+01,4.564371269725225888e-01
-2.948721372091504733e+01,-1.309247472543684676e+00
-2.718238621865058136e+01,-3.299183520287818361e+00
-2.935401704467674477e+01,-3.480609503092929380e+00
-2.660941856262825667e+01,-4.713190055738857964e+00
-1.794464604318605083e+01,-4.680298327987149065e+00
-1.872207187948255225e+01,-4.579229581271501814e+00
-1.725220264991977004e+01,5.071494758314081253e-01
-1.944008935174610997e+01,-6.707795813545983421e+00
-2.085416054607746972e+01,-7.374824093307653428e+00
-2.065180165738120266e+01,-6.945538742216663231e+00
-2.046461394779735699e+01,-6.148182139427307291e+00
-2.283457608645397485e+01,-5.397189646011588238e+00
-2.164992842978983845e+01,-3.574800877719598979e+00
-1.959713248231264160e+01,-4.327530217156280834e+00
-2.389289612027911502e+01,3.784418830164993697e+00
-2.009340782034011497e+01,7.304922421688365475e+00
-2.501786495659458254e+01,8.393889560628966517e-01
-2.446454758904141968e+01,7.476379276021452469e+00
-1.892682534218144852e+01,2.979527200977449830e+00
-3.126778470804524446e+01,9.293524822223979243e+00
-3.078801938857649034e+01,8.623442078107583342e+00
-3.101328018048570456e+01,2.013489811939581653e+00
-2.627098771124310161e+01,6.812146220900092253e+00
-2.295792374638797639e+01,6.043455884115926935e+00
-2.469404740903931739e+01,3.641861178232006946e+00
-2.301007733447255887e+01,7.669487351090650940e+00
-3.363526874127769872e+01,9.648454411437013434e+00
-3.237735786326731358e+01,8.558764733265077140e+00
-3.093586366248801767e+01,-8.645803066115044233e-01
-2.973583844574820745e+01,6.484770061147166587e+00
-2.005924270496529971e+01,7.423467481262033374e+00
-2.582360849674229186e+01,9.703473620782814280e+00
-2.835102180166060037e+01,8.555242035827093972e+00
-3.110567631028176194e+01,8.933680034327887043e+00
-3.272649929295392468e+01,1.004000505732348181e+01
-3.268340314099336297e+01,7.509454610995188517e+00
-2.738548818236365534e+01,4.027800789744322429e+00
-3.663416156009581215e+01,3.147118533547980324e+00
-2.870581688864969649e+01,1.124196740275874262e+01
-3.100427931360432510e+01,7.684400026219206481e+00
-3.235581489423513091e+01,7.081077522693492554e+00
-3.286476204302613269e+01,5.917563232828751296e+00
-3.309256768344419442e+01,1.004752197981922812e+01
-2.346627783753149643e+01,6.180866360511601876e+00
-1.746275492275874797e+01,5.749130820944605702e+00
-1.669081430850550518e+01,6.589855463127692659e+00
-1.584371750574893589e+01,5.711522492157232733e+00
-1.651849311717699464e+01,6.672868614630239392e+00
-1.508809042667321343e+01,6.655596332963273909e+00
-1.441924383144340283e+01,8.971258265791702158e+00
-1.487186288262098266e+01,8.886361202155871553e+00
-1.407334690350567108e+01,7.415776448711235425e+00
-1.363891555691813373e+01,7.708740541623163800e+00
-1.409131489239766033e+01,8.595636715185765553e+00
-1.364879830434159125e+01,8.036845058023633470e+00
-1.566654610022816918e+01,1.146463894487631308e+01
-1.706196029424253879e+01,1.135096311779468614e+01
-1.706265812415893990e+01,1.149870593345630532e+01
-1.741275163424322869e+01,1.098813103672847369e+01
-1.785115985450707754e+01,1.121951817845609156e+01
-1.759333452786309238e+01,1.170433737421480913e+01
-1.377032048873519443e+01,7.507408367027148977e+00
-1.388722553392652337e+01,7.093370478788219913e+00
-1.397961222809536252e+01,7.814690537479267896e+00
-1.482295977732875514e+01,6.047770947650178641e+00
-1.419687183830358457e+01,7.262573052100969484e+00
-1.339496958527579729e+01,7.252287033997489196e+00
-1.441236470320808927e+01,6.288115903396033879e+00
-1.363784751169460030e+01,8.331229794755710572e+00
-1.411372589366124508e+01,5.724675776994001097e+00
-1.372324453733112470e+01,7.059129614016364407e+00
-1.495123600324896707e+01,7.078864778581945849e+00
-1.455459721872548862e+01,8.019047808483973583e+00
-1.476768605080873265e+01,7.229493163445564363e+00
-1.404621026022805097e+01,6.224722063247701165e+00
-1.423225213470039563e+01,6.711751572969362201e+00
-1.407362127375358085e+01,8.576990376803411920e+00
-1.446417939430533650e+01,7.200308756546753841e+00
-1.262458436422363484e+01,8.765106764844556864e+00
-1.451011238393382818e+01,7.158442032167534386e+00
-1.412700323925306378e+01,7.454684382420977862e+00
-1.355117653736473393e+01,6.791613028604573721e+00
-1.380730001325166079e+01,7.905007656099106050e+00
-1.466669105118963401e+01,6.443185720817740325e+00
-1.486411715019652746e+01,6.672750700046527150e+00
-1.418360391396517350e+01,7.877853384568257233e+00
-1.422925477815301143e+01,6.410755221848436491e+00
-1.465625825195376919e+01,7.398658924886867716e+00
-1.452932814778022852e+01,7.398109329268176104e+00
-1.554678871326629697e+01,6.277575452744874163e+00
-1.371251562209548425e+01,6.964642863482870538e+00
-1.846557588972982344e+01,1.156941396293562718e+01
-1.577153310745412895e+01,1.111201185760312526e+01
-2.033226227551653764e+01,1.244682533408868430e+01
-1.754103337830259335e+01,1.104002736846719834e+01
-1.513236821238946384e+01,1.221947380123215687e+01
-1.843896123564445944e+01,1.051499868904222801e+01
-1.612499172652845303e+01,1.006786943694405956e+01
-1.628396953223306909e+01,1.009979514364323450e+01
-1.709372443692356214e+01,1.141238316407779330e+01
-1.605935337389041706e+01,1.088311153524470143e+01
-1.492990685463038503e+01,1.117110380639446632e+01
-1.619107632439283506e+01,1.077748066291420059e+01
-1.692132168499394851e+01,1.107129074031689875e+01
-1.611139571311640495e+01,1.099095018688429271e+01
-1.742083683541624595e+01,1.035265682565041345e+01
-1.418942715020278555e+01,6.886448688654650319e+00
-1.259570211580484944e+01,7.648138423202649250e+00
-1.422117801311854990e+01,6.483194319267743033e+00
-1.401242135244580389e+01,7.894997128861662716e+00
-1.110791724174594286e+01,8.168695232005410034e+00
-1.264015820393326095e+01,9.493046261089657989e+00
-1.384369077880693055e+01,9.776350598215969967e+00
-1.324684621439073418e+01,8.746643294802154855e+00
-1.521894615245150284e+01,9.096968779137705852e+00
-1.589058408931004784e+01,6.997695854394038406e+00
-1.551420110205193481e+01,7.773151850882574543e+00
-1.443399323577747317e+01,7.709273270956408020e+00
-1.488720210944933520e+01,5.169993931825226596e+00
-1.428555545223112588e+01,8.542865564594524841e+00
-1.363108837701626541e+01,7.923034721401386982e+00
-1.761404186239292002e+01,6.439938627152939965e+00
-1.385647153146138244e+01,7.442083906721544295e+00
-1.404924623050302479e+01,8.733647716088304591e+00
-1.520483754681781008e+01,7.137729123155766686e+00
-1.382745254326425943e+01,9.253182389170584443e+00
-1.332928014350102686e+01,8.554889563652357864e+00
-1.482977273376379657e+01,8.592411736966665714e+00
-1.637345127785421894e+01,7.830968146095842464e+00
-1.592748244069643881e+01,6.879699356398336185e+00
-1.502708474195136645e+01,1.058234087629914555e+01
-1.816280336217959501e+01,9.605453431945782938e+00
-1.459526926550012682e+01,9.919967709871373884e+00
-1.667558134741279119e+01,1.159697086289473766e+01
-1.814448635952228983e+01,1.135182382005570467e+01
-1.685371594665209116e+01,1.199582038165408271e+01
-1.654662799854352784e+01,1.040647292629415510e+01
-1.668263891540577504e+01,1.173407329199364568e+01
-1.442840014526445280e+01,1.137940178646574907e+01
-1.690020818347642972e+01,1.159230542468424829e+01
-1.779099715379474844e+01,1.143705978596847217e+01
-1.747586321924283936e+01,1.160830903151211579e+01
-6.389263533020719699e+00,1.652300635288431074e+00
-6.800273758655196232e+00,9.957620421641555364e-01
-6.321853219079168085e+00,7.052538013799490857e-01
-4.495536247866991353e+00,1.445316689011768574e+00
-5.979726519487098990e+00,9.086484552633878886e-01
-7.112896268838147407e+00,-3.732524940769220700e-01
-6.959669090624183596e+00,1.352885765727732004e+00
-7.280187809411216016e+00,3.047520665746583091e-01
-6.945147082645596548e+00,-2.272070521744923022e-01
-7.379223319524679248e+00,5.714029042831866301e-01
-6.535944097247073259e+00,4.371310565098640022e-01
-6.633087154333978219e+00,9.466803785966300122e-01
-6.481253105890386834e+00,5.166195895209225730e-01
-6.079346634922855763e+00,1.580436732077164841e+00
-6.203312503856903248e+00,1.792688987483167240e-01
-5.722309905352232384e+00,4.176791119850501999e-01
-5.971832427312136815e+00,7.068109422391368746e-01
-5.207069813031487193e+00,9.198707951509518255e-01
-6.103556798522277838e+00,2.962835440031464374e-01
-5.336686339015959568e+00,8.144103215900451165e-01
-6.503680614942820348e+00,-3.720023676281121461e-02
-6.114609467857094138e+00,1.202330114072069023e+00
-5.811106239666655959e+00,7.337028063028488978e-01
-6.930334127098308095e+00,-4.542945757194459810e-01
-6.564874108285597032e+00,-4.500973889865287902e-01
-5.601899252005256180e+00,1.517103178353871540e+00
-6.446481723371972450e+00,2.916428485026816286e-01
-7.029084252497991514e+00,9.729835062436439364e-01
-6.340405335205558046e+00,1.521559061211602115e+00
-6.083781765917806617e+00,1.711033484938001781e+00
-6.653827386948865552e+00,4.790923168462708492e-01
-7.187164590842071377e+00,1.045907357535909021e+00
-7.434307508754382177e+00,1.203624992071678834e+00
-5.622819766049944157e+00,8.534466396998822146e-01
-5.239679682845669539e+00,1.763227823212569989e+00
-5.436382201582492080e+00,1.496209089026027117e+00
-5.474431726560933242e+00,4.656551888743857247e-03
-3.439054348462636135e+00,-1.328512128282006710e+00
-8.154132671463450777e+00,-3.032001838257134985e+00
-6.953612166133710026e+00,-7.078973160887687133e-01
-4.016479738421628198e+00,-6.791549642723042624e-01
-4.150180632757520804e+00,-1.310101169734452231e+00
-6.404239153756932090e+00,-1.034259384730771725e+00
-3.430752768395267882e+00,-1.196914559390183763e+00
-7.727967621920702967e+00,-1.955476240013636291e+00
-6.469672462589904249e+00,-4.590345643606425496e-01
-7.838086556943090422e+00,-1.623504839293293367e+00
-4.370962893318814935e+00,1.970349305984279598e+00
-5.189307321115771643e+00,1.280462819478548120e+00
-4.216505184383766647e+00,1.017156560275363913e-01
-5.669176821472595940e+00,-5.726320320940160302e-01
-1.355895777824960291e+01,-3.118197773381129245e+00
-1.050269673013866267e+01,1.334702598905758153e+00
-1.137725467367924459e+01,2.148185242564575326e+00
-1.079315642137874143e+01,5.938459142715581951e-01
-1.155800550904186252e+01,1.618786571661662732e+00
-8.093861598588025785e+00,2.443390330562776658e+00
-3.658512026621441038e+00,3.115142921108833729e+00
-1.067967406718067380e+01,3.048645570977852604e+00
-1.433446280931206473e+01,5.073315479424447272e-01
-1.278710455518886135e+01,1.156699591620167222e+00
-1.422951508929672215e+01,-8.497174393794872937e-01
-1.450320814237685951e+01,1.026404828942744984e+00
-1.283287420313292060e+01,1.644037252673096416e+00
-1.257564404885462217e+01,2.472061582214908348e+00
-1.053375920826117529e+01,3.363045933004784160e+00
-1.244875495645587904e+01,-5.595169395042604021e-01
-1.123378813340791815e+01,4.607276889256998187e-01
-1.171593096100423637e+01,-1.388511496506764920e-01
-1.115449788397555153e+01,1.321052259079184887e+00
-9.268053448266259764e+00,1.055187642626007616e+00
-5.159571533083145312e+00,4.411090242622660362e+00
-9.203565053083719860e+00,1.928731080146001142e+00
-6.328001481291649633e+00,3.800951286944970864e+00
-8.840209356548333730e+00,2.176045507774392096e+00
-1.072033531598047951e+01,7.667770927193887642e-01
-1.115570069445541712e+01,1.546403236655385705e+00
-1.162459680478815827e+01,1.682468212210375791e+00
-1.264843543889612931e+01,3.064256824522257894e+00
-1.036006908841602403e+01,3.333223085266400876e+00
-8.248651093845413840e+00,4.886434020975889858e+00
-9.589239404253664389e+00,8.324333533118911888e+00
-9.050195256278122713e+00,6.407041205033593201e+00
-7.458049239047566559e+00,2.696950769805293913e+00
-9.059998794690532264e+00,1.715669519572892376e+00
-6.705202045287810719e+00,3.920471395337175036e+00
-4.999958730818547359e+00,4.668266335477208706e+00
-6.080439017562873083e+00,3.303916990506567508e+00
-1.181485289411205919e+01,7.335262199354194435e-01
-1.059622041444445451e+01,1.968673937301744337e+00
-7.385431266530953387e+00,4.407733008421756971e+00
-8.041580552983164765e+00,2.890504615434532187e+00
-8.506917609663522839e+00,1.060910556219100132e+00
-9.651362730659032607e+00,-7.612225993349222009e-01
-9.378781076074311329e+00,3.155093360107392719e-01
-9.508811891641384406e+00,7.060109920196016020e-01
-9.214275727348930189e+00,1.583100605626909907e+00
-6.774707458032247054e+00,2.310227776259818899e+00
-8.533841361062682651e+00,2.918964886477614318e+00
-5.889695972009410418e+00,4.026034124415620141e+00
-9.520690079174842779e-01,3.650501217550017774e+00
-1.119307119907726111e+01,1.225559977731730399e+01
-8.456721668951779236e+00,1.181280874691371352e+01
-7.691506301133168577e+00,1.103130554970238641e+01
-8.874737674332742188e+00,1.061917987824365284e+01
-8.020209477099323081e+00,1.054997547629540122e+01
-1.006872203302100921e+01,7.064106852059595099e+00
-8.989949623841138049e+00,8.759591616358630262e+00
-6.099528421321864791e+00,9.532149849091204885e+00
-8.882044218623702747e+00,1.113241191856675805e+01
-6.957188503468193730e+00,1.081096660025345813e+01
-7.298428883012424429e+00,1.023571218105504776e+01
-1.014136654627633938e+01,9.412241686136816554e+00
-1.193306848615917559e+01,8.270146051071872506e+00
-6.711482905531780396e+00,8.850872639867374048e+00
-6.970298510842096285e+00,1.129957079907948625e+01
-5.442118749755798568e+00,9.638945372957614666e+00
-5.640677703331144599e+00,9.605763870490834577e+00
-7.772956907135723625e+00,1.162631782437973271e+01
-8.749566211326708753e+00,7.751049386423395582e+00
-4.247990694988774685e+00,6.737153125485979999e+00
-7.436638902352825653e+00,1.005153840208684635e+01
-6.604735458785055080e+00,1.060201731902805378e+01
-1.014829644988416391e+01,1.158791457121516189e+01
-7.931809192114673834e+00,8.678262241800837273e+00
-7.294428478440802444e+00,1.103548293288396565e+01
-6.730934996613180843e+00,9.071006327160906935e+00
-5.821549843953965464e+00,7.316066991995866964e+00
-5.940381170995168603e+00,6.996595318200427016e+00
-6.671633815441338378e+00,8.821492054882252631e+00
-7.062894452811089074e+00,1.068273831236572846e+01
-6.699327417732435563e+00,8.926678083760428706e+00
-6.108980484625215368e+00,9.572461663984837443e+00
-6.844421513718947025e+00,9.186774396080769733e+00
-4.923162259428091936e+00,8.151603681447300076e+00
-5.551184775680179762e+00,9.052048088330987952e+00
-7.667244752312686984e+00,8.045037496861800363e+00
-5.226592435862315256e+00,8.661506606939521902e+00
-6.522011112508905306e+00,8.588984022877301783e+00
-5.771942287901005386e+00,7.453124939276444927e+00
-7.390847666620210532e+00,7.201127329113672815e+00
-4.898196202178596970e+00,6.631659650869509370e+00
-6.911034777967829612e+00,7.932627309374663760e+00
-5.736180498911639170e+00,7.149383802537141008e+00
-6.421963507018088713e+00,1.048971937003445198e+01
-7.053011463335278286e+00,8.016425078074970401e+00
-8.746091161786791801e+00,7.823659788056883890e+00
-6.806561039756060083e+00,7.079608578232363669e+00
-6.199674625496630398e+00,1.020403729981159557e+01
-7.114780568245890002e+00,8.218354117941315096e+00
-4.932974603987733353e+00,5.231579450448912816e+00
