-8.395894240330980043e-03,6.802114354485343098e-05
-8.370378837965862864e-03,5.046827343092484612e-05
-8.242588791783094296e-03,-6.327742320493828115e-05
-8.660476581953123129e-03,2.594921087988819606e-04
-8.810806757366954761e-03,3.799222829849035078e-04
-8.819050681117265172e-03,3.865120364843190807e-04
-8.573973312990217435e-03,1.938686533314888790e-04
-8.594526858333685279e-03,2.191197301267339343e-04
-8.636754368761248926e-03,2.426479228611081937e-04
-8.260111093284915051e-03,-4.035505326297996647e-05
-6.201403981397938907e-03,-1.650814069192945658e-03
-8.474944236213076756e-03,1.200400886569287046e-04
-8.656743921165176853e-03,2.631207253240500500e-04
-8.486009936327689948e-03,1.240616922704464967e-04
-8.763595202086572195e-03,3.417273032316481816e-04
-9.152327190919124292e-03,7.211621226272220886e-04
-8.622307575192002596e-03,2.415548160970424003e-04
-9.847524486273205591e-03,1.296777544793691972e-03
-8.450252522407804626e-03,9.850672489542394185e-05
-8.652327273663580967e-03,2.552688500488962996e-04
-8.804034662090847937e-03,3.744148145509096294e-04
-8.892914911321688279e-03,4.486845940114150637e-04
-8.822295862101309574e-03,3.874510801849957156e-04
-8.475929297091571932e-03,1.182521088992079077e-04
-8.712148319480869998e-03,3.011757014036645758e-04
-9.993450820934760351e-03,1.423720401215429433e-03
-1.024252244436611378e-02,1.650572668334491372e-03
-9.853367246237910299e-03,1.299589207160457491e-03
-9.896896399553885282e-03,1.332935192524678644e-03
-9.954325230896192769e-03,1.383562546442189964e-03
-1.008961808194588743e-02,1.507835122367320608e-03
-9.949255746741783590e-03,1.373539772825999169e-03
-1.001819057034042566e-02,1.442328769409082770e-03
-9.938999505286958552e-03,1.376127812414407658e-03
-9.882510899814950581e-03,1.321051556757135573e-03
-9.841395163012861200e-03,1.286510501678960784e-03
-9.755174977456088428e-03,1.198337735544695521e-03
-9.941660769279325738e-03,1.370771869821681057e-03
-9.771827904710763193e-03,1.211617919336649895e-03
-1.003589029941433751e-02,1.457285229194499971e-03
-9.898799800403155005e-03,1.338024301340917438e-03
-9.822890167687538254e-03,1.258817750776276183e-03
-9.931892987346386398e-03,1.358620578345124449e-03
-9.956805489382478114e-03,1.380956807769156275e-03
-9.768202790105463829e-03,1.211089589654664117e-03
-9.954812767799615936e-03,1.387857514646603048e-03
-9.839490165039307956e-03,1.285951036166528777e-03
-9.955951553424498279e-03,1.391169104954620558e-03
-9.837650626283533581e-03,1.271768828472587785e-03
-9.783475672820075505e-03,1.222542665850286005e-03
-9.799033843403536642e-03,1.244213243935188761e-03
-9.770413773206166122e-03,1.212083116238199705e-03
-9.858274776034993414e-03,1.293906194757137550e-03
-9.715327595885241488e-03,1.162152283172144000e-03
-9.732785898524585338e-03,1.177800235098885786e-03
-9.899794798734921908e-03,1.333720070152869886e-03
-9.457700095872602700e-03,9.740144677731969562e-04
-9.960007736423465499e-03,1.393051707753296476e-03
-8.090258194519804255e-03,-7.268091260638987405e-05
-9.233508864977127764e-03,7.919492639323858375e-04
-1.057555229125792251e-02,1.957680828606405115e-03
-9.643221878818284201e-03,1.130097969076999682e-03
-9.911616848471362443e-03,1.354514035680327855e-03
-9.764896582466866745e-03,1.229295408152575797e-03
-9.892122787741272974e-03,1.331291129103700241e-03
-9.831929171849201204e-03,1.277769594596500505e-03
-9.837390746639539801e-03,1.296037730812464898e-03
-1.022007372193673921e-02,1.626522840286350954e-03
-1.003052580457389729e-02,1.453276744346526563e-03
-1.031731548380552393e-02,1.718516522790152542e-03
-9.877675347258595834e-03,1.309394536136154318e-03
-9.951288940940610991e-03,1.375806875741401088e-03
-9.851472908372363446e-03,1.288923039641652569e-03
-9.846292953996362354e-03,1.285493410506447593e-03
-9.718972547315960983e-03,1.189731663433086541e-03
-9.776471034954528974e-03,1.222050830508533822e-03
-9.864464315830439797e-03,1.304282123396926065e-03
-9.760075187037829669e-03,1.205753908198048180e-03
-9.878429335789591648e-03,1.308916977164328865e-03
-9.967020467223981772e-03,1.394106343166571973e-03
-9.867551446288076386e-03,1.312761643636827825e-03
-1.089267717416719447e-02,2.251324836699767490e-03
-1.082752035476006354e-02,2.193323003138419706e-03
-1.090906095970042150e-02,2.266314474482183754e-03
-1.083940139689360677e-02,2.203658863403182115e-03
-1.076685406209161588e-02,2.133796134292847545e-03
-1.087287919951533503e-02,2.230486870282751086e-03
-1.095584049129363045e-02,2.308235169168012125e-03
-1.091992199710898129e-02,2.274490536321773122e-03
-1.081364235081301063e-02,2.176629492230404243e-03
-1.081029692038837017e-02,2.173359504186928026e-03
-1.093718175003981913e-02,2.290906580594605484e-03
-1.096357108215128065e-02,2.315752235281916260e-03
-1.097028092783107651e-02,2.322374263056822732e-03
-1.095150232828763504e-02,2.304714764364982141e-03
-1.095571600334781064e-02,2.309193716586707256e-03
-1.097914609195892871e-02,2.331080271593186006e-03
-1.096961500438622082e-02,2.322069767532949046e-03
-1.095633626474075938e-02,2.308959314929868827e-03
-1.098981237867208485e-02,2.341184995823971954e-03
-1.096485571290178873e-02,2.318114426968544313e-03
-1.086623695820796397e-02,2.226681913654871264e-03
-1.095731035924360497e-02,2.309980127503145301e-03
-1.098364640968071786e-02,2.335451639534888695e-03
-1.095549229233293634e-02,2.308332562572214686e-03
-1.075482504921253593e-02,2.120202395868301531e-03
-1.093175867428583352e-02,2.286524366060460004e-03
-1.098581746857133640e-02,2.337545495486176295e-03
-1.098180746649466376e-02,2.333661400874161452e-03
-1.098293766363751638e-02,2.334754819443455882e-03
-1.099260786263022045e-02,2.343878869730780645e-03
-1.097595747916410222e-02,2.327993777412669819e-03
-1.098300326750658966e-02,2.334615326041944265e-03
-1.094515641336892171e-02,2.298629964749569245e-03
-1.098499730917039396e-02,2.336826061709446328e-03
-1.095203332926286514e-02,2.304929953007012113e-03
-1.093342033906524909e-02,2.287444501873937396e-03
-1.083046819875072876e-02,2.192275924961581759e-03
-1.099238725801939508e-02,2.343715987082726875e-03
-1.097827169817272228e-02,2.330076833708236064e-03
-1.053170665848108395e-02,1.934149820754574355e-03
-1.096946816700158575e-02,2.322091118645190980e-03
-1.091431094806912666e-02,2.269508776308202126e-03
-1.097519229133755124e-02,2.327210863290456178e-03
-1.098846486674824423e-02,2.339845122551525471e-03
-1.099257966872984466e-02,2.343762272882989311e-03
-1.097771495508132605e-02,2.329606074565630271e-03
-1.098910514444200424e-02,2.340568157420092055e-03
-1.097376222455265747e-02,2.326007706618365978e-03
-1.099360734502308375e-02,2.344827464221583332e-03
-1.096968094570879675e-02,2.322452716329074639e-03
-1.085707906116872498e-02,2.216182649003960951e-03
-1.092217247610481091e-02,2.277059999133101021e-03
-1.098655890250311781e-02,2.337985251174201553e-03
-1.084646519300070701e-02,2.208067291353220385e-03
-1.095858251306235619e-02,2.311160666305779685e-03
-1.091872087040607689e-02,2.275184291649568619e-03
-1.078220510888108774e-02,2.145901738688416830e-03
-1.049006039286088342e-02,1.875684208816362497e-03
-1.087432050996930966e-02,2.231747740536132920e-03
-1.084814486426799278e-02,2.207528131718582056e-03
-1.072503199259248162e-02,2.092047996495700283e-03
-1.093737283531226109e-02,2.291136720345198895e-03
-1.087485297967606158e-02,2.233015343810798060e-03
-1.086129539764030087e-02,2.222588227996232738e-03
-1.096258424367166535e-02,2.315553759501913327e-03
-1.093835826691721795e-02,2.291926984555978531e-03
-1.093066499246453556e-02,2.285042178139506767e-03
-1.094988794765105848e-02,2.303323673724779874e-03
-1.082380681483792288e-02,2.185911772008329243e-03
-1.094317385651698629e-02,2.296541440956398599e-03
-1.090532960535853420e-02,2.261480421753703750e-03
-1.088268349696287773e-02,2.240644135274543706e-03
-1.093553282557567854e-02,2.289204255704282379e-03
-1.090571434441338187e-02,2.261201589565408222e-03
-1.092594205146431817e-02,2.280414964553598156e-03
-1.093821617874232884e-02,2.291759068565029072e-03
-1.095015170323494942e-02,2.302878987959086892e-03
-1.095254615547052585e-02,2.305160537627431831e-03
-1.093468286829255530e-02,2.288514422231081435e-03
-1.096936010177616133e-02,2.321492468454480155e-03
-1.083385054836909049e-02,2.195098285689802906e-03
-1.093107648182652276e-02,2.284996457679965617e-03
-1.094331063282463073e-02,2.296772499566330020e-03
-1.089060096766757656e-02,2.247799140028907284e-03
-1.083733520874556946e-02,2.197302795920382922e-03
-1.095731514983327992e-02,2.309708390495805123e-03
-1.094826133977255291e-02,2.301425099872215704e-03
-1.095293093032271604e-02,2.306609219361190066e-03
-1.095174583122437116e-02,2.304897306401368882e-03
-1.084013502147712985e-02,2.200864322567519429e-03
-1.097285319924294102e-02,2.325332923900653298e-03
-1.096451794120826585e-02,2.316847831748904477e-03
-1.087984369417204118e-02,2.238086051187573519e-03
-1.071116102142865428e-02,2.080018965857976816e-03
-1.096946515816376276e-02,2.321073020260848874e-03
-1.096492258070224865e-02,2.316802621542758851e-03
-1.085128408188506914e-02,2.211903409425780478e-03
-1.086489257827730724e-02,2.224322738271717562e-03
-1.090182629591564256e-02,2.258584976028723667e-03
-1.091220903674986961e-02,2.267419716696014286e-03
-1.095690357270670892e-02,2.309721011218625678e-03
-1.095335491893071125e-02,2.306197467892578262e-03
-1.087949541087338164e-02,2.237348638932555416e-03
-1.080804722760496384e-02,2.172420671390266293e-03
-1.088925868816944739e-02,2.247502152064070717e-03
-1.067869269985654256e-02,2.051407339056975521e-03
-1.077925168313058346e-02,2.147071703212816499e-03
-1.075963500861029307e-02,2.125076035156070377e-03
-1.082082067259614207e-02,2.184617313546477219e-03
-1.090355956369932350e-02,2.260187548365273202e-03
-1.094405935545040252e-02,2.297528929384267966e-03
-1.083571832244400839e-02,2.196150553145176810e-03
-1.097106693121456013e-02,2.322548174992883699e-03
-1.092137643681179160e-02,2.275945581364900369e-03
-1.082992457484939150e-02,2.191399844037680584e-03
-1.093484891678820833e-02,2.289034142848381682e-03
-1.097594512357718925e-02,2.327133231968426998e-03
-1.096696098395147367e-02,2.318677993511073215e-03
-1.097371854713739825e-02,2.325032032441252255e-03
-1.091565384150670025e-02,2.270910117321319442e-03
-1.094669576177570956e-02,2.299867517109904520e-03
-1.089744333573574621e-02,2.254109940632511352e-03
-1.097308638382321969e-02,2.324439712532668043e-03
-1.094816226081136296e-02,2.301096864287937530e-03
-1.095347571958439278e-02,2.306750098490647268e-03
-1.090899827392949502e-02,2.264604778467752856e-03
-1.094178161750927747e-02,2.295147206996277309e-03
-1.082510980482129757e-02,2.187411431917880150e-03
-1.086287083673631582e-02,2.222124340647076753e-03
-1.072127574026039872e-02,2.095719621033132699e-03
-1.075129310178367381e-02,2.120558263970825485e-03
-1.088153892063181000e-02,2.239977292082212350e-03
-1.094992115060825638e-02,2.303677206086149950e-03
-1.079235449310582927e-02,2.156476781757751034e-03
-1.063949304671779790e-02,2.019656672498509453e-03
-1.082538723883045943e-02,2.186753875741814183e-03
-1.079662101212384637e-02,2.159990345546140833e-03
-1.085501616815016772e-02,2.213914770289521390e-03
-1.092605262209598790e-02,2.280351878255308662e-03
-1.075472345028146565e-02,2.120646205910949652e-03
-1.081474847676103593e-02,2.177258225553045483e-03
-1.082342067694028014e-02,2.185126109321222556e-03
-1.083697512348097067e-02,2.197497461135466696e-03
-1.074272062766193706e-02,2.109437197749117893e-03
-1.070907230579086142e-02,2.079448042098139011e-03
-1.052774529057044772e-02,1.911430110577900989e-03
-1.086785253403759442e-02,2.226613934810070181e-03
-1.091578208509485191e-02,2.271587604929045049e-03
-1.015319240230743054e-02,1.574839187484410345e-03
-1.081759487271261380e-02,2.179915726219822710e-03
-1.085520472585064372e-02,2.214372855664007139e-03
-1.051994070352174106e-02,1.904555234397334491e-03
-1.088466414963503923e-02,2.242323365428639231e-03
-1.088840013156071145e-02,2.245463280043523153e-03
-1.080982273013732925e-02,2.173538458711486362e-03
-1.066269008994042040e-02,2.037898869231261414e-03
-1.080164847605495637e-02,2.166624145383702713e-03
-1.092071067555072834e-02,2.275599494065810510e-03
-1.090967566725916348e-02,2.265274790489733847e-03
-1.089186945465891315e-02,2.248894719486862429e-03
-1.096362983089449288e-02,2.315730306701661249e-03
-1.085306755832819887e-02,2.213398830378782330e-03
-1.088446862550851435e-02,2.242271686772137965e-03
-1.089636348696974844e-02,2.252549082247761077e-03
-1.094550055364137790e-02,2.298554039082429962e-03
-1.085405284686630223e-02,2.213290232835064732e-03
-1.090505676619942833e-02,2.260785929679457948e-03
-1.095647421559301470e-02,2.308936854332447382e-03
-1.095970805368194634e-02,2.312104230270016318e-03
-1.095607373821501883e-02,2.308653098953548401e-03
-1.095892172038345942e-02,2.311406895993007443e-03
-1.083487025085568684e-02,2.195682745263474213e-03
-1.088671472289436636e-02,2.243593334223237951e-03
-1.069002246261476982e-02,2.059180313283453731e-03
-1.057973383908917230e-02,1.957084278072426624e-03
-1.054946589144035649e-02,1.928552773852708953e-03
-9.909907583714202758e-03,1.353924862436608079e-03
-1.064162153244705561e-02,2.014277014605961053e-03
-1.066213283386390799e-02,2.033338717160291641e-03
-1.059090495617533677e-02,1.967033613126644050e-03
-1.016314393429135210e-02,1.573098681116338882e-03
-9.407472406224717115e-03,8.901743935118902606e-04
-9.569484244037914505e-03,1.030990613473022673e-03
-9.639557304602596605e-03,1.092214703676997085e-03
-8.738539663440812733e-03,3.318023635783695787e-04
-9.572096050000042725e-03,1.032950824325091837e-03
-9.544680689387803618e-03,1.012014125038797558e-03
-9.982788406091605907e-03,1.407214266900527234e-03
-9.598227751344699105e-03,1.061433980331122351e-03
-8.866227078305281492e-03,4.256792183966859777e-04
-8.891716593008738498e-03,4.463772678292619953e-04
-9.715414219877836766e-03,1.164934833860852611e-03
-1.050633602642358534e-02,1.889244349280197422e-03
-1.032969548537290144e-02,1.728520272492366444e-03
-1.031590680516767701e-02,1.713267370183628414e-03
-1.070400689815736821e-02,2.072644071640327140e-03
-1.083481196529650914e-02,2.195769354684442599e-03
-1.065795338343821126e-02,2.029930572314649767e-03
-1.048264512556510916e-02,1.867740474621588671e-03
-1.028584261543437524e-02,1.686441680167310823e-03
-1.031443292017715854e-02,1.712154234826918997e-03
-1.014490500783731333e-02,1.557558426500037663e-03
-9.612634205827110673e-03,1.069979226650885542e-03
-9.637683492726274032e-03,1.092948714416813304e-03
-9.752862813309271656e-03,1.221416271801705616e-03
-8.908817088387676816e-03,4.667121936030791925e-04
-8.808531428114848780e-03,3.779535210446205266e-04
-8.975553548098499576e-03,5.215308856292764873e-04
-9.609987179600961230e-03,1.066027784447728770e-03
-9.592112587796191789e-03,1.057256450562501929e-03
-9.863101840054726288e-03,1.302806864456685374e-03
-9.700038101350684158e-03,1.149061103754459284e-03
-1.080706015772817455e-02,2.170809470622790845e-03
-1.094345556794164981e-02,2.298622868518972618e-03
-1.056371343621223362e-02,1.944529539318442081e-03
-1.097557384677817598e-02,2.327376082785318021e-03
-1.049778249205315234e-02,1.896781442441419817e-03
-1.097036091722265218e-02,2.321997071219698665e-03
-1.096935201445677771e-02,2.321056956907640093e-03
-1.086770644699430743e-02,2.225746663353289634e-03
-1.096205532720684155e-02,2.314384747901188956e-03
-1.096268937394117259e-02,2.315440841665311871e-03
-1.080393738236556239e-02,2.167556541908406773e-03
-1.098281824190421550e-02,2.334577201451115778e-03
-1.096541079268604016e-02,2.317208814023733691e-03
-1.096101545564526561e-02,2.313184435686132384e-03
-1.076544262252922095e-02,2.130315809047951710e-03
-1.087216807341355972e-02,2.229771828131275543e-03
-1.097599215705183373e-02,2.328435900515633643e-03
-1.095680500081512750e-02,2.309455713168017017e-03
-1.096450533983112964e-02,2.316563113742484397e-03
-1.097370192544937055e-02,2.325104684829977595e-03
-1.097594543253917372e-02,2.327151776152481654e-03
-1.096584985428950693e-02,2.317735880049227523e-03
-1.089078193553720021e-02,2.247852446702046716e-03
-1.094060291045072589e-02,2.293982562566145543e-03
-1.097613544204071451e-02,2.327329584133406518e-03
-1.097061723142282209e-02,2.322159261464191299e-03
-1.095086089167702018e-02,2.303542973724100919e-03
-1.093886938691067054e-02,2.292299808181234421e-03
-1.097202413982835412e-02,2.323498875596087185e-03
-1.097058281373381773e-02,2.322679477518791672e-03
1.664832388035151003e-02,1.545180979861150543e-02
1.692580748490854492e-02,1.674749618883149965e-02
1.675424859012605155e-02,1.594871465077064149e-02
1.695879172844694249e-02,1.694265855816724092e-02
1.695316771998817487e-02,1.687815745724595765e-02
1.729039179531180470e-02,1.839466119405517436e-02
1.690245291048417947e-02,1.600599079169718122e-02
1.724955379153638585e-02,1.817653511184841308e-02
1.728047316619471183e-02,1.834840468601819582e-02
1.728782588503905912e-02,1.837506184340982271e-02
1.726095305821355105e-02,1.828901808175631763e-02
1.823004274976978284e-02,2.399410742280354628e-02
1.823915856220468049e-02,2.405479340003024644e-02
1.823979626396089390e-02,2.405425616609170938e-02
1.825894390105640627e-02,2.417003673361718674e-02
1.822773608782991828e-02,2.399043377119199419e-02
1.824412075230496047e-02,2.407929813849029113e-02
1.728374824444892793e-02,1.835933076687070245e-02
1.720394048843814153e-02,1.800366866564327359e-02
1.724569558894108873e-02,1.817162898596964143e-02
1.674654118912314096e-02,1.589133375747603383e-02
1.719380880815919721e-02,1.795365692701081720e-02
1.720462365170735697e-02,1.801091544696998073e-02
1.694018022278462321e-02,1.681297090889490031e-02
1.727356651795165787e-02,1.828699025552014620e-02
1.696332937641095023e-02,1.690262007855923912e-02
1.713889882068173401e-02,1.770838929348832538e-02
1.699985673683427831e-02,1.708986414617671284e-02
1.724610906925193310e-02,1.816640942855122023e-02
1.705868797691487485e-02,1.734736025720603342e-02
1.698168164571981983e-02,1.698442660550661745e-02
1.702178239009577432e-02,1.716976648156775392e-02
1.728299085679487618e-02,1.835434695904489613e-02
1.711398507669415966e-02,1.760862584418245239e-02
1.729434383692486990e-02,1.840873802832639072e-02
1.704154416075127215e-02,1.726876632478113044e-02
1.725076193806018843e-02,1.818232454461072428e-02
1.714768217706233097e-02,1.775257387056542249e-02
1.725926175295945664e-02,1.823062012692159423e-02
1.708400992235416249e-02,1.745780614022580945e-02
1.698824314793721119e-02,1.702840807814320900e-02
1.726720394351916044e-02,1.827577114818519644e-02
1.694656305488457040e-02,1.682497215561157278e-02
1.706692697187105201e-02,1.738440705121210503e-02
1.709255309114320401e-02,1.750965911195797794e-02
1.676507158852080098e-02,1.598702282832260499e-02
1.724217001335120319e-02,1.816710526834143524e-02
1.825515014748383194e-02,2.414866941063012820e-02
1.823227406782474899e-02,2.400714777966178604e-02
1.825550597008343198e-02,2.415112788942499686e-02
1.823616669370178855e-02,2.403925560823753915e-02
1.822709357360459068e-02,2.397658769569166459e-02
1.825910559621075555e-02,2.417194153787996166e-02
1.825141678903241180e-02,2.412351228121170643e-02
1.817017100944697677e-02,2.364703251324768926e-02
1.824509815215751007e-02,2.408483816169231656e-02
1.819621345124293813e-02,2.379576375455545387e-02
1.813563431151350713e-02,2.343364245776274543e-02
1.823153596774084589e-02,2.400360698621435696e-02
1.824583179918323403e-02,2.409073128907583683e-02
1.823966673983884457e-02,2.405286718945418359e-02
1.825811088310171082e-02,2.416407519023426945e-02
1.701003282981167902e-02,1.712955487347745179e-02
1.728560750915861602e-02,1.840048555954454726e-02
1.710258729557117413e-02,1.754486737681859934e-02
1.719286037474528073e-02,1.797033570179193407e-02
1.736425311702071567e-02,1.883667468084377142e-02
1.732254834188937109e-02,1.857384562341619916e-02
1.726821610198919429e-02,1.824250681027524482e-02
1.727672399134166231e-02,1.835445428552833630e-02
1.732869938493702966e-02,1.865833653895216174e-02
1.699102882243425441e-02,1.708952851257560315e-02
1.703955549679144268e-02,1.727719590334334671e-02
1.723477944080233082e-02,1.814772388951330084e-02
1.670169978407324424e-02,1.568603007575091954e-02
1.723176837283392840e-02,1.810176257689340845e-02
1.726383311643267873e-02,1.827998083218339287e-02
1.690442827620209851e-02,1.665465602382715238e-02
1.724971687393982503e-02,1.820215811288624849e-02
1.727272468603551284e-02,1.829041283333005322e-02
1.693679118654059512e-02,1.679752620938660540e-02
1.725127693234957543e-02,1.815609803040626677e-02
1.728275171235763366e-02,1.836635389385797221e-02
1.721563620763539096e-02,1.809116695846063952e-02
1.700256381929792643e-02,1.714706787472815991e-02
1.694924560777331599e-02,1.686401443085891808e-02
1.771239014357499364e-02,2.091652305052278324e-02
1.792601082240193738e-02,2.230626915171547014e-02
1.752634129039136804e-02,1.984836033475038952e-02
1.823185073848103063e-02,2.401350844255551245e-02
1.824004789741354160e-02,2.406347363053746788e-02
1.823801242456696975e-02,2.404425031873978075e-02
1.825785819154539941e-02,2.416227077648022692e-02
1.820963747204505309e-02,2.387960170413142361e-02
1.815008176918856200e-02,2.351757066671573970e-02
1.823779009718786911e-02,2.404503015204237371e-02
1.823766753851571026e-02,2.404989149234524823e-02
1.823718935579219866e-02,2.404309161795988373e-02
1.064558568318898363e-02,-1.729881146262127189e-02
1.069909932392761227e-02,-1.740561948337130543e-02
1.074264826096765768e-02,-1.749561312121227993e-02
1.084430984094759791e-02,-1.782241378807886134e-02
1.078692529780795467e-02,-1.762293143275984325e-02
1.081251603916126743e-02,-1.734665711339593644e-02
1.069636848588028863e-02,-1.740206634226114379e-02
1.068935995789427502e-02,-1.718475648851559845e-02
1.081465871066314768e-02,-1.741414073173442115e-02
1.068383692515051386e-02,-1.721135483205412514e-02
1.076766983886574998e-02,-1.751055507115735488e-02
1.070854369183318194e-02,-1.742590326453629171e-02
1.075453979807083384e-02,-1.746068701696976144e-02
1.074772569746648178e-02,-1.749970922823267105e-02
1.083241715846913582e-02,-1.768346697018561078e-02
1.084298281907220864e-02,-1.775764420748102840e-02
1.081069529030071440e-02,-1.767067226888548170e-02
1.084070585951500167e-02,-1.779489833257645592e-02
1.082598796807796200e-02,-1.764188151531415061e-02
1.083898415370826776e-02,-1.776925657528705821e-02
1.082066714294789567e-02,-1.758382815823578832e-02
1.080163202162484799e-02,-1.769039240399740767e-02
1.082931642495639848e-02,-1.774380216383808148e-02
1.081559722269963449e-02,-1.727720851186312703e-02
1.081983544790825549e-02,-1.736546586066421705e-02
1.081811511045248884e-02,-1.773021870776190362e-02
1.082688364471253578e-02,-1.764880400638549340e-02
1.071189108341675036e-02,-1.744795085939782747e-02
1.071074698078417452e-02,-1.744606500171047569e-02
1.071282142350899608e-02,-1.745986926000499609e-02
1.082949530188254822e-02,-1.748112595225722460e-02
1.064411596735786135e-02,-1.728437201232414788e-02
1.063428635952557225e-02,-1.726863543734016154e-02
1.083237771418203710e-02,-1.776031370938372517e-02
1.083528329423441398e-02,-1.779070384263582716e-02
1.082717044828357920e-02,-1.776837217346570463e-02
1.084635853232052832e-02,-1.777672547173049858e-02
1.085318430947549220e-02,-1.781526632547429656e-02
1.080949403915549591e-02,-1.586299229820458886e-02
1.081108384542495658e-02,-1.728903241949769978e-02
1.085302189678285720e-02,-1.780399840780966247e-02
1.085318430947549394e-02,-1.781526632547427574e-02
1.083087122093822664e-02,-1.740683675532998451e-02
1.085318430947550608e-02,-1.781526632547428268e-02
1.076899248237134926e-02,-1.628916985277892651e-02
1.082334610789248246e-02,-1.730414690048686852e-02
1.078334892486693640e-02,-1.662144233927350528e-02
1.083483255101515101e-02,-1.777966137931031795e-02
1.079073262012574322e-02,-1.763633457470184518e-02
1.085340230923436539e-02,-1.784030751558146610e-02
1.084369321358929009e-02,-1.772206098281751963e-02
1.103226039881300032e-02,-1.101196118597599742e-02
1.061550896875575190e-02,-1.264866495401940731e-02
1.049166540329555912e-02,-1.247830956808453941e-02
1.076047368660541272e-02,-1.173333778447873885e-02
1.066355245541768595e-02,-1.200911498962504119e-02
1.049284598371523665e-02,-1.672894676597726574e-02
1.087588173487386012e-02,-1.765731399398849308e-02
1.036283165056117381e-02,-1.328774346110336152e-02
1.108072539539940379e-02,-1.048016957490834414e-02
1.086319183187228407e-02,-1.133509865792216645e-02
1.111326834512309410e-02,-1.036874759589839941e-02
1.277335392045223644e-02,-2.617030201231281428e-03
1.091523035454810067e-02,-1.108287460387114357e-02
1.076163663029344741e-02,-1.160944469888063046e-02
1.022931719555851202e-02,-1.298127412021383292e-02
1.086399553732388980e-02,-1.140976487204992985e-02
1.077762110485106471e-02,-1.169007454079579005e-02
1.099814245376343723e-02,-1.117213766418361474e-02
1.054164136197651910e-02,-1.239822509471305220e-02
1.035024270357545392e-02,-1.290963041481890845e-02
1.098496351782650253e-02,-1.776069923419454355e-02
1.014222774816152771e-02,-1.346660074227498324e-02
1.091954370549270276e-02,-1.734415878124390825e-02
1.027264764767600071e-02,-1.367715488700801778e-02
1.047804226178049997e-02,-1.252933517823555734e-02
1.062066384628197573e-02,-1.231631784793395593e-02
1.049636720583121789e-02,-1.250662007515128925e-02
1.040270300830861867e-02,-1.261959286616158235e-02
1.015947088044789545e-02,-1.320248622642628857e-02
1.078883089209070091e-02,-1.697133381678206376e-02
1.124353532388563601e-02,-1.844532715152451957e-02
1.093312499305902283e-02,-1.754873396760706430e-02
9.387259756123733298e-03,-1.469230515310412238e-02
1.024895684765020007e-02,-1.331296907211982662e-02
1.080734299440786264e-02,-1.726907366136783833e-02
1.104965463395513568e-02,-1.791708027476790477e-02
1.083828127391328958e-02,-1.731903240682782646e-02
1.057772197296124109e-02,-1.233032559173685531e-02
1.016966438158313675e-02,-1.305791613032170236e-02
1.065611373444900513e-02,-1.690791465414630615e-02
1.041542843998830535e-02,-1.612570775731759706e-02
9.354967231724485577e-03,-1.338712307138908812e-02
1.042527171881170618e-02,-1.340655326009247347e-02
1.053928843906181204e-02,-1.359141782810867165e-02
1.031141276388697868e-02,-1.297275701411905978e-02
9.622231631627476203e-03,-1.308103380696163699e-02
1.064188595896670662e-02,-1.699974671749350172e-02
1.035847722564689141e-02,-1.530872934651953364e-02
1.094687055928259163e-02,-1.759367795624456818e-02
1.119646520063466086e-02,-1.831441261507932641e-02
1.137480490971781895e-02,-1.884533861978491751e-02
1.143449786978108576e-02,-1.892835522035717782e-02
1.143203035486896335e-02,-1.898098348514408104e-02
1.144170284612132903e-02,-1.882458850584152465e-02
1.138970114693471126e-02,-1.901546240444079716e-02
1.117117261736551466e-02,-1.749912500361249304e-02
1.135702545582072467e-02,-1.843811040000766649e-02
1.140738104430411015e-02,-1.889945390241918807e-02
1.142022614176933272e-02,-1.887065776428085637e-02
1.142677865921118766e-02,-1.896616611321046489e-02
1.142288811903277232e-02,-1.891431897346701127e-02
1.142282927392798166e-02,-1.826095344016438748e-02
1.172201042503889790e-02,-1.583681402456661724e-02
1.137766451790079777e-02,-1.892947092198232761e-02
1.139087880789863699e-02,-1.901154789821955793e-02
1.141339927852952699e-02,-1.893237240640976982e-02
1.142053120208183503e-02,-1.893947608181721295e-02
1.143238578696235963e-02,-1.894658217177265166e-02
1.132954319035733501e-02,-1.836380903956460336e-02
1.136694609401259562e-02,-1.891297120648039939e-02
1.138146744152245329e-02,-1.891503614850667536e-02
1.142984989839763120e-02,-1.898669480489052069e-02
1.144394544211297521e-02,-1.876052941410962654e-02
1.136992275215596530e-02,-1.842292787599005693e-02
1.141843613948713247e-02,-1.896362204734033594e-02
1.138602018244865705e-02,-1.900559550838974363e-02
1.130100559489911199e-02,-1.853652165433936419e-02
1.128725801238036203e-02,-1.851802178019660433e-02
1.138543954336354060e-02,-1.900359709977024469e-02
1.141255111675513675e-02,-1.897290511477661007e-02
1.138602018244866398e-02,-1.900559550838975056e-02
1.138553945774616397e-02,-1.900395802945845092e-02
1.136538712058566755e-02,-1.875507970013155432e-02
1.138074946132228496e-02,-1.896076448260459665e-02
1.139913650389718161e-02,-1.885640026545818901e-02
1.134506847215540487e-02,-1.843148223846033384e-02
1.136576641739727583e-02,-1.880487301957196183e-02
1.135877001932405865e-02,-1.886340209335107473e-02
1.135399303559336825e-02,-1.885200223764156927e-02
1.135197778296022190e-02,-1.874361494463859870e-02
1.127891968092803281e-02,-1.853932475043836015e-02
1.131277509734769128e-02,-1.863239708814664816e-02
1.127912767045929215e-02,-1.853073246932161397e-02
1.142682703128584942e-02,-1.896772125935330955e-02
1.136177818553893958e-02,-1.853363434904202814e-02
1.130364941784900955e-02,-1.862017322435411890e-02
1.132551985740660669e-02,-1.864937661573537117e-02
1.142643982098759739e-02,-1.896725221527229693e-02
1.134989109361115439e-02,-1.848984401534534486e-02
1.115346615697663385e-02,-1.816137795433759791e-02
