-5.860051795246528587e-04,3.320356891849716909e-03
-6.666718029557992635e-04,4.097146919438262799e-03
1.095687656929851908e-04,-3.377765268062501037e-03
-2.419517622040304021e-04,7.248567290239144584e-06
-1.418850242814946626e-05,-2.186028149878563136e-03
-3.473295527381135882e-04,1.021998049491641995e-03
8.815313172900335077e-05,-3.171540569194384370e-03
-1.274717044854869683e-04,-1.095152401109524779e-03
-5.830485599038364754e-04,3.291885732903739037e-03
3.363000605759784532e-05,-2.646502819192980607e-03
-5.246658574340206001e-04,2.729681711066911376e-03
-5.413490243086392997e-04,2.890334471906022551e-03
-4.181975800493103763e-04,1.704431221690461302e-03
-3.107485633601779658e-04,6.697365481840073962e-04
-6.452678721851432680e-04,3.891034882989482992e-03
-2.833838408945533235e-04,4.062243470063156689e-04
-4.960654601662764637e-04,2.454270365972832917e-03
1.073668680731170930e-04,-3.356561666954529458e-03
-1.281064038552591944e-04,-1.089040483094095213e-03
-9.856010790441208157e-06,-2.227748428079389525e-03
-4.048374566004622060e-04,1.575778093082227807e-03
-1.392091441751140419e-04,-9.821251884822043785e-04
-6.675517376549745981e-04,4.105620314165932781e-03
-7.148243162588513000e-05,-1.634308571034706831e-03
-5.984382743192658352e-04,3.440083032248410569e-03
-1.408421538481032203e-04,-9.663997653710525073e-04
-6.530700052725898260e-04,3.966166691356512106e-03
3.271114302523541904e-05,-2.637654373887121477e-03
-1.479431546806928746e-06,-2.308411679331928180e-03
8.547517251254639354e-05,-3.145752669774623273e-03
-5.251753484428998715e-04,2.734588023425466030e-03
-1.966789124840877636e-04,-4.287122518464496035e-04
-3.247454355401495547e-04,8.045214332986221246e-04
-1.605998983180885475e-04,-7.761399206087701147e-04
-6.021391666755102290e-05,-1.742820116098562364e-03
-1.137629878560208335e-04,-1.227162223068505899e-03
-5.956234633565876766e-04,3.412977551270864225e-03
-1.574118979916154284e-05,-2.171076201878010918e-03
-6.308064394083236692e-04,3.751776704492344305e-03
-4.174789673550391607e-04,1.697511355033457566e-03
-2.911051879341502286e-04,4.805781616474538915e-04
-5.735785545558820260e-05,-1.770322955939966029e-03
-4.540597279634134916e-04,2.049770655393417726e-03
8.316183808956297127e-05,-3.123476108140465796e-03
-1.098214930951785982e-04,-1.265117359836613478e-03
-5.538942479148878167e-04,3.011140489309393608e-03
-2.157350568904124863e-04,-2.452085478044523678e-04
-3.864395750870744015e-04,1.398613396154837823e-03
-5.562434731067512515e-04,3.033762672914447431e-03
-3.548353505038895437e-04,1.094276266186744234e-03
-2.508028768763577681e-04,9.248169948270589912e-05
-3.900213267936865108e-04,1.433104334908981989e-03
-4.019981682173923089e-04,1.548436938506824161e-03
-2.434772718616369622e-04,2.193878471809792099e-05
-4.451732384594385980e-04,1.964197021766648805e-03
-4.548035738359806749e-04,2.056933650917662591e-03
-1.410591317535080525e-04,-9.643103916875583794e-04
-2.207685979670963143e-04,-1.967374087622257518e-04
-2.993079023134559533e-04,5.595672319287763865e-04
-2.250386685681638529e-04,-1.556182556743681785e-04
-1.314928151307446584e-05,-2.196035318805768938e-03
-2.420470162481705423e-04,8.165900463054600290e-06
-5.312009246964825892e-04,2.792612050093610122e-03
-5.334280766594653046e-04,2.814058797967753864e-03
-6.213997418953949624e-04,3.661193674483122218e-03
-5.688697713696737063e-04,3.155349317894039652e-03
-5.583756648287912551e-04,3.054294933018944155e-03
-4.947986017958112782e-04,2.442071099362681363e-03
-4.088405339852543927e-04,1.614326404734233453e-03
1.863228496053463446e-05,-2.502080149895610089e-03
3.389490257346758887e-05,-2.649053557839532117e-03
-6.309567467249444731e-04,3.753224122738508476e-03
-5.867670567314417843e-04,3.327693611861502927e-03
-4.142536190700014855e-04,1.666452419455342329e-03
-3.939438510993583135e-04,1.470876821129401320e-03
1.248301209236152330e-04,-3.524726388891582726e-03
-2.371097040034851969e-04,-3.937854147517089545e-05
-2.212262769429183178e-04,-1.923301348867121209e-04
-6.091199186521942255e-04,3.542943466725529539e-03
-4.941313674383976092e-04,2.435645858562489503e-03
-2.610686474940927815e-04,1.913372837050907255e-04
-3.084840531496899269e-04,6.479303285609322709e-04
-2.079031771244068118e-07,-2.320656079755379318e-03
-1.567703840337775483e-04,-8.130168212330729288e-04
-6.677982427091562045e-04,4.107994166492334905e-03
9.021123355345615731e-06,-2.409528176177975611e-03
9.281081511889328179e-05,-3.216392193928342778e-03
-6.401569986353261403e-04,3.841819196024241767e-03
-1.127616993863917230e-04,-1.236804222450633419e-03
-5.474830774365352414e-04,2.949403277847848209e-03
-2.524518174612662121e-04,1.083603684917259287e-04
-3.916150893932610739e-04,1.448451695048073038e-03
-2.248214394600178494e-04,-1.577100119875067779e-04
-2.143206276192633310e-04,-2.588289789422115912e-04
2.400442377660417330e-05,-2.553811863275854029e-03
6.814532754555528672e-05,-2.978872586560228804e-03
-6.295685530673611691e-04,3.739856345441984649e-03
2.625956592890296018e-06,-2.347945052574108848e-03
1.757953484485877936e-05,-2.491942567656940145e-03
4.147749707445578409e-05,-2.722071156056339678e-03
-1.138812649055216344e-04,-1.226023224440818708e-03
-5.338466077789905855e-04,2.818089066745375470e-03
-2.481674358860381309e-04,6.710337112067108443e-05
-5.742376678511028955e-05,-1.769688234926001993e-03
1.076968401678115499e-04,-3.359739166045965213e-03
-3.760728357795036295e-04,1.298785508259272777e-03
-9.043851169843002396e-05,-1.451768348967903384e-03
-1.407483425522250582e-04,-9.673031193809414167e-04
2.194548992367725384e-05,-2.533985093018744500e-03
-3.837354640260095769e-04,1.372573802027639376e-03
-6.477627879131138454e-04,3.915060150645300642e-03
-1.632056860390583461e-05,-2.165496973533872268e-03
-2.471854719256025724e-04,5.764741511675422936e-05
-3.767940531509464782e-05,-1.959819205855309159e-03
-2.333395662703510276e-04,-7.568357334600088471e-05
-2.073222848290346711e-04,-3.262204680967439874e-04
-1.161045972391770709e-04,-1.204613366339900250e-03
-6.288227999929165476e-04,3.732674990446161779e-03
-4.658728715636977196e-04,2.163526918633182795e-03
-2.782324738511511900e-04,3.566186678164982881e-04
-8.035785291167890892e-05,-1.548841512276670973e-03
6.740780677228565580e-05,-2.971770540467401616e-03
-3.854972090049959806e-04,1.389538755509180231e-03
-5.501146542775072661e-04,2.974744407477122009e-03
-2.718713175939427079e-04,2.953630670189768322e-04
-6.012742524300307119e-04,3.467392588508873275e-03
-2.350099301372047514e-04,-5.959858167906139113e-05
-4.556501653409254565e-04,2.065086003137358260e-03
-2.261805212407448813e-04,-1.446225511494679007e-04
1.219579104840221689e-05,-2.440099061168183626e-03
-2.060657435451261176e-04,-3.383204935005587502e-04
-2.902884629882354064e-04,4.727134134965716578e-04
-2.903643180581194877e-04,4.734438790945848198e-04
-5.365513228232387556e-04,2.844134509296780428e-03
8.117304891841049081e-05,-3.104324775398411597e-03
-1.960695555059286586e-06,-2.303777274534897761e-03
8.784937049767131212e-05,-3.168615268729068572e-03
-2.182525467783142997e-04,-2.209660315130831433e-04
-9.857185579395026068e-05,-1.373447238889087194e-03
-6.484109713531429741e-04,3.921301928384789484e-03
-2.415255414691178364e-04,3.144368880358546610e-06
8.214886671887188430e-05,-3.113721546008032907e-03
-5.234048829036492710e-04,2.717539108621920638e-03
-1.756319041203695675e-04,-6.313872116152398350e-04
-5.550203521354310932e-04,3.021984511900630086e-03
-6.486548315316487947e-04,3.923650209292996009e-03
-6.623095290809844589e-04,4.055139937430295854e-03
-5.195862875274022191e-04,2.680767427987347518e-03
-3.321439137336894276e-04,8.757660812339162311e-04
8.002263956834620073e-05,-3.093246757446888213e-03
-6.540575075485921194e-04,3.975675995870842083e-03
-1.912912814565729278e-04,-4.805931530673365542e-04
-3.599556861658172722e-04,1.143583248000994840e-03
-4.959277224018003366e-04,2.452944129169495717e-03
1.452718774383035965e-05,-2.462549548658059164e-03
9.598943053843788720e-05,-3.247001093088723589e-03
1.096530757812766009e-04,-3.378576990460007302e-03
-2.794898102387441061e-04,3.687263744876777315e-04
1.236673379914522025e-04,-3.513529190132694789e-03
-2.925193483687433399e-04,4.941960434727278280e-04
5.558088628710766888e-05,-2.857881624864747235e-03
-5.760893356627941157e-04,3.224871075067858861e-03
-5.555896473526954248e-04,3.027466604020862765e-03
3.422045923253952263e-05,-2.652188548102972065e-03
1.270698501200304956e-04,-3.546294146558938779e-03
-5.873910552987117234e-04,3.333702501307234892e-03
-6.002362373517522703e-04,3.457396900668144400e-03
-2.273399790075441069e-05,-2.103737985186971988e-03
-2.059782127663659123e-04,-3.391633714267237062e-04
-1.804512335065998091e-04,-5.849788367834187017e-04
-3.757306447877219223e-04,1.295490315490200857e-03
-6.103922153265995071e-04,3.555195241346500654e-03
-4.107438809984168319e-04,1.632654964352719083e-03
-4.478287643692791843e-04,1.989768785601402339e-03
-5.791452403454172733e-04,3.254298320917494054e-03
-1.009062172072406640e-04,-1.350968165482522784e-03
7.632860380892603393e-06,-2.396159693862113735e-03
-5.848767055054903069e-04,3.309490211356375111e-03
5.891075942644108832e-05,-2.889947103804682213e-03
-5.624713592355562756e-04,3.093734955871488626e-03
-2.035527267156012619e-04,-3.625199150802979435e-04
-4.454026691454222473e-04,1.966406385604084657e-03
5.046659214683462546e-05,-2.808632850857593292e-03
-5.259660840729431588e-04,2.742202522701086848e-03
1.180052767901726022e-04,-3.459005651569447073e-03
1.117247016822481157e-04,-3.398526025581681976e-03
3.244646775074866047e-06,-2.353902834435945418e-03
-5.222051459804738895e-04,2.705985998361810051e-03
-2.334360992608559154e-04,-7.475399187208592354e-05
-1.661151835896813715e-04,-7.230297465991521091e-04
1.050271045590156569e-04,-3.334030583391742446e-03
-2.371740680611635738e-04,-3.875871994127890575e-05
-1.958224888423122612e-04,-4.369592748416970917e-04
-4.594456618731640810e-04,2.101635268432803030e-03
-2.154314363439074626e-04,-2.481322941379818497e-04
7.024354473946093486e-05,-2.999077654310146595e-03
-5.304459987623297247e-04,2.785342473450348050e-03
-1.655214078550919471e-04,-7.287475554243853793e-04
-2.796825215021398218e-04,3.705821131240465312e-04
-3.569273889106702085e-04,1.114421880097286703e-03
-5.476538574130604149e-04,2.951047840066374148e-03
-6.392737994495410617e-04,3.833314303131977411e-03
-2.148232003098842933e-04,-2.539893879256975703e-04
-3.374503418009824180e-04,9.268650561020903367e-04
-5.179685739017817273e-04,2.665189450336570651e-03
-2.399047275988016963e-04,-1.246345997824946524e-05
-3.573205094023781904e-04,1.118207466191466909e-03
-2.468707220079699037e-04,5.461650408977460861e-05
-2.470716733333091055e-04,5.655158027546839023e-05
-2.551612115793492068e-04,1.344508716597388968e-04
-3.805942203268218322e-04,1.342324708242598023e-03
-4.564480595126002289e-04,2.072769417627028793e-03
-5.888037514759690647e-04,3.347306238618390651e-03
-9.538439480480472748e-06,-2.230806383980490741e-03
-9.632620030430298250e-05,-1.395072070325570259e-03
-7.531754815995533121e-05,-1.597377722635650839e-03
1.130295343023320515e-04,-3.411091051204268032e-03
-5.413209412256405869e-04,2.890064172948487910e-03
7.724837180976929592e-05,-3.066531569580268311e-03
-6.030496224081484911e-04,3.484488754414905975e-03
1.194782032682572306e-04,-3.473189370794919732e-03
-4.735034427524908215e-04,2.237006528141604386e-03
-2.381550735735740579e-04,-2.931199953154307517e-05
-2.602787391848261590e-04,1.837307912448558542e-04
-3.886258925051525471e-04,1.419666828274084068e-03
-4.097538975588716870e-04,1.623121766703188940e-03
-8.048274433961630312e-05,-1.547638739632186495e-03
-2.645756458461388512e-04,2.251084323404331348e-04
-9.833207831028622711e-05,-1.375756175660072106e-03
-5.927075456369199124e-04,3.384898335206193865e-03
6.486704871553894143e-05,-2.947303971050562518e-03
-2.950177626032998560e-04,5.182548491286803486e-04
-8.330193570964601775e-05,-1.520490953404618917e-03
-1.588729839602796075e-04,-7.927694531429438753e-04
-5.427131497088570795e-04,2.903470634956778571e-03
-4.058544502436410703e-04,1.585571522355506751e-03
-2.348353456687048385e-04,-6.127977155475181775e-05
-5.788494353769513831e-04,3.251449820046754032e-03
-6.490977142853325511e-04,3.927914998302010734e-03
3.382341918144673664e-06,-2.355228779312650445e-03
-9.113176313456912647e-06,-2.234901517207297898e-03
-3.839737484048451137e-04,1.374868398077558123e-03
-1.461558723893987297e-04,-9.152305894417545789e-04
-8.068690691417657610e-05,-1.545672727538205784e-03
1.373478730805121278e-05,-2.454919031484453784e-03
-8.977900731063703582e-05,-1.458119127902014625e-03
-3.056973303152512634e-05,-2.028282754819543850e-03
-1.310220098558888713e-04,-1.060964134171225306e-03
-3.030810937230438867e-04,5.959017828149755199e-04
-6.481997284803650257e-04,3.919267726478625237e-03
-1.316813242617785628e-04,-1.054615190274500432e-03
7.207393339362154841e-05,-3.016703617813355515e-03
-5.521090929157260662e-04,2.993950117045173897e-03
-1.619728182618748974e-04,-7.629191970118220359e-04
-2.202336256459189873e-04,-2.018889224714919364e-04
-1.618395227895715277e-04,-7.642027782395087107e-04
-3.023023279048976859e-04,5.884026093824983690e-04
-2.093224881452506879e-04,-3.069592384723121418e-04
-5.864058677998681187e-04,3.324215571751113624e-03
-3.529456685265516249e-04,1.076079383516942347e-03
-4.629659687264223991e-04,2.135534537730510857e-03
-5.325362875568944322e-04,2.805471221306030712e-03
-3.037470463634138582e-04,6.023146025091370443e-04
-4.603349634215762550e-04,2.110198863111067188e-03
-2.936706287918842279e-04,5.052824114623725472e-04
-4.736344211441040862e-04,2.238267670536067157e-03
-6.087500617360451201e-04,3.539381848088878936e-03
-2.536084566683786105e-05,-2.078442442515036556e-03
-5.633984007979672996e-04,3.102662014459579322e-03
-1.400649851168322849e-04,-9.738836284404037060e-04
-3.073692401005953751e-04,6.371948627086119034e-04
-4.095076054171247252e-04,1.620749893526927899e-03
-4.562426855242057472e-04,2.070791748791319959e-03
9.565748188388142653e-05,-3.243804570136157341e-03
8.136650858434573254e-05,-3.106187652515351050e-03
-3.567036057323975256e-05,-1.979165550588461719e-03
1.377587936117978648e-04,-3.649224755359200927e-03
4.613362636734784800e-05,-2.766907980219739886e-03
-3.928714481556040304e-04,1.460549973552136265e-03
-2.189934922870863756e-04,-2.138308639129021034e-04
-2.291390411020100091e-04,-1.161329967957853770e-04
-4.581643285714237577e-04,2.089296619486753163e-03
-6.340483779904512339e-04,3.782995440368214050e-03
-6.092378363706044955e-04,3.544078959201531556e-03
-2.483819516748553410e-04,6.916906234395360932e-05
8.062056034493463432e-05,-3.099004494892623231e-03
-5.517022357351066171e-04,2.990032093683044501e-03
-1.742767769381348229e-04,-6.444367295518653926e-04
-5.511871434494037972e-04,2.985071939685923423e-03
-1.203462331897991653e-04,-1.163767986918681340e-03
-4.669072518194705701e-04,2.173487612406599379e-03
-2.191437900063286236e-04,-2.123837063805912974e-04
-6.321145335036188048e-04,3.764373172729838356e-03
-1.282974066438186155e-04,-1.087201086646770367e-03
-2.427573651831710767e-04,1.500637184303422314e-05
-4.768188079258303506e-04,2.268932274863802705e-03
2.869300207887437654e-05,-2.598961163347906708e-03
-2.583686051952868734e-04,1.653368236823799290e-04
-2.379452041966280439e-04,-3.133297056375907255e-05
-4.026217800114887009e-04,1.554442115272175332e-03
3.654626379768460262e-05,-2.674585200975507660e-03
5.284241609966638709e-05,-2.831511161095845528e-03
-6.729016546848514703e-05,-1.674678434083496986e-03
-1.166499172512549723e-04,-1.199362134498492679e-03
-5.706791272218320705e-05,-1.773114976741952406e-03
-4.408212711756148271e-04,1.922289233947140508e-03
-1.793447684276245192e-04,-5.956337101306155872e-04
-4.160537314979557912e-04,1.683786838324706579e-03
1.170589972426339738e-04,-3.449893295836475859e-03
-4.972756427993687851e-04,2.465924092932456416e-03
-3.703218824218934297e-04,1.243405936670276659e-03
-5.415943062622836869e-05,-1.801122591853404880e-03
-4.305825989419547807e-04,1.823694571575524810e-03
1.380129889577541417e-04,-3.651672513066171917e-03
-5.562410572734189339e-04,3.033739468216522552e-03
-1.274432997627055766e-04,-1.095425819413463862e-03
-5.545800297616913137e-04,3.017744328062925505e-03
-8.864649696275670419e-05,-1.469024766897073170e-03
-4.685244097850630894e-04,2.189060310337309287e-03
-1.157819509549951910e-04,-1.207720290900443942e-03
-1.340680212396117856e-04,-1.031632151764972759e-03
-1.719431470220409347e-05,-2.157083098411295783e-03
-5.577177507145981246e-04,3.047959444264586749e-03
8.640817459607094686e-02,4.086349944194563738e-02
8.658627235513503828e-02,3.914848348178093934e-02
8.635616924411229633e-02,4.136429232656806121e-02
8.619438585214057869e-02,4.292220663883324766e-02
8.654480245688229989e-02,3.954782333821396656e-02
8.614230453960800005e-02,4.342372979266782146e-02
8.618007514127931645e-02,4.306001265880261830e-02
8.666682541794404337e-02,3.837278606108148610e-02
8.630043042083176963e-02,4.190103544153232079e-02
8.657697276224610161e-02,3.923803410175321499e-02
8.677722729269979340e-02,3.730965640539508910e-02
8.663956637138706118e-02,3.863528091098932665e-02
8.622033630794399828e-02,4.267231275236960109e-02
8.650587878963469923e-02,3.992264331879093880e-02
8.663080124329049225e-02,3.871968587807967516e-02
8.626354232656301135e-02,4.225625463015832833e-02
8.663816163136327242e-02,3.864880803879079674e-02
8.660841246310170549e-02,3.893528138218271817e-02
8.685553011907201637e-02,3.655562913840266354e-02
8.676445569608810804e-02,3.743264233064281382e-02
8.681230016482914535e-02,3.697191818765942911e-02
8.647172567953859135e-02,4.025152522291724350e-02
8.638296333840768393e-02,4.110627360131556551e-02
8.665306269254131888e-02,3.850531673853468950e-02
8.651327304045867972e-02,3.985143909321712391e-02
8.645604688536027982e-02,4.040250656770746213e-02
8.642351163027922611e-02,4.071580885863609889e-02
8.617059406507343589e-02,4.315131326066928147e-02
8.685667535276975215e-02,3.654460065687751419e-02
8.633167749471673535e-02,4.160013773113434288e-02
8.655618344975862799e-02,3.943822806288319743e-02
8.640735588418439750e-02,4.087138255643254364e-02
8.668444182945631016e-02,3.820314634033294965e-02
8.631118463968723287e-02,4.179747660580826474e-02
8.633278601248095541e-02,4.158946263877475596e-02
8.654853999930967046e-02,3.951183186354155497e-02
8.685734880213497044e-02,3.653811586407818002e-02
8.623578592725507364e-02,4.252353843837789610e-02
8.614018915417899491e-02,4.344410033025987439e-02
8.679880039529658253e-02,3.710191614531981041e-02
8.643411110491187876e-02,4.061374003136641875e-02
8.659756530729743884e-02,3.903973570672682886e-02
8.679797954655951719e-02,3.710982032509586859e-02
8.627643841066934272e-02,4.213207046418433049e-02
8.635006833099588552e-02,4.142304082462058834e-02
8.635798155988468061e-02,4.134683992817762138e-02
8.679938216378935145e-02,3.709631350522112764e-02
8.689129618259074095e-02,3.621121510081709571e-02
8.675387383297716859e-02,3.753454194106602138e-02
8.670859097205903254e-02,3.797059930387486348e-02
8.630139556871074813e-02,4.189174178385089015e-02
8.663537726166635478e-02,3.867562055429941276e-02
8.639636787890667136e-02,4.097719324908048744e-02
8.623689402916011326e-02,4.251286796578956917e-02
8.690481200032891540e-02,3.608106272406640808e-02
8.654992194763035107e-02,3.949852384976171304e-02
8.615878533336042422e-02,4.326502607562661418e-02
8.657839525855107188e-02,3.922433624315630613e-02
8.631064782604466745e-02,4.180264587627089551e-02
8.626655694000859298e-02,4.222722501115148963e-02
8.623318660231887867e-02,4.254856912740424824e-02
8.654109831704663580e-02,3.958349217564518380e-02
8.618683255621718831e-02,4.299494176054658584e-02
8.619270375847541688e-02,4.293840359705149851e-02
8.638407585506367725e-02,4.109556105620142119e-02
8.613618658810429096e-02,4.348264349303331000e-02
8.672296239846455368e-02,3.783220726278426621e-02
8.615250747970887302e-02,4.332547912066080087e-02
8.630234471812155139e-02,4.188260154745835490e-02
8.639084805284343027e-02,4.103034650500562985e-02
8.640331739035943259e-02,4.091027178267972464e-02
8.658723636320019013e-02,3.913920003605315945e-02
8.661512834806273098e-02,3.887061018530071910e-02
8.638478591490542091e-02,4.108872304202571685e-02
8.647819327951541957e-02,4.018924521893384172e-02
8.668607883069835707e-02,3.818738279435959782e-02
8.683339834733086460e-02,3.676874950657570140e-02
8.675237215070902286e-02,3.754900347840252339e-02
8.660073592737814463e-02,3.900920359140440385e-02
8.664898516502722581e-02,3.854458108771150610e-02
8.677839832256606378e-02,3.729838037529784739e-02
8.628234247517480027e-02,4.207521576514340611e-02
8.660844950914027562e-02,3.893492409067124405e-02
8.682832230880915825e-02,3.681763001171679123e-02
8.659530565207503028e-02,3.906149586424470521e-02
8.658784051100472390e-02,3.913338290729338753e-02
8.615914549792175192e-02,4.326155773135271360e-02
8.626336156843072978e-02,4.225799556696086673e-02
8.685166074084506305e-02,3.659288977445452479e-02
8.628902904717500322e-02,4.201082685610891404e-02
8.666288398406819804e-02,3.841074084436239128e-02
8.683747934140698121e-02,3.672945155521879085e-02
8.687164749105052985e-02,3.640042479447914286e-02
8.663927953466357690e-02,3.863804303956442504e-02
8.669121943999115454e-02,3.813788082815805502e-02
8.666333058503686293e-02,3.840644024492478881e-02
8.675294461666459289e-02,3.754348996530861710e-02
8.662465273825005474e-02,3.877889372764176806e-02
2.498323191886010070e-02,-9.938628751183371801e-02
2.493653892265010330e-02,-9.893665110232220672e-02
2.497838414365793208e-02,-9.933960524883120313e-02
2.481793673805245473e-02,-9.779455553183299954e-02
2.503199719464304501e-02,-9.985587927171440947e-02
2.508130182553842610e-02,-1.003306648642645765e-01
2.528192566193519092e-02,-1.022625987747554227e-01
2.506404777210051102e-02,-1.001645146016182097e-01
2.506544886918363885e-02,-1.001780066870382180e-01
2.486724178035441477e-02,-9.826934502523991533e-02
2.490876581448550273e-02,-9.866920627036528113e-02
2.524933851248731959e-02,-1.019487964973900540e-01
2.528422711289262173e-02,-1.022847609561341881e-01
2.500021128819508373e-02,-9.954979260614388314e-02
2.506369415521376293e-02,-1.001611094133073587e-01
2.545670337787355603e-02,-1.039456441738307590e-01
2.495753394946118725e-02,-9.913882552432046191e-02
2.505871833834137294e-02,-1.001131941072408993e-01
2.473092262872736771e-02,-9.695664159127609372e-02
2.532673391519557268e-02,-1.026940858759509551e-01
2.545844704601071817e-02,-1.039624350688437976e-01
2.476160607202710501e-02,-9.725211185974812211e-02
2.503337733338675819e-02,-9.986916951415632238e-02
2.536043350748489258e-02,-1.030186006571480045e-01
2.508231679719994875e-02,-1.003404386782096314e-01
2.549062217789975146e-02,-1.042722697395823961e-01
2.481710063633937174e-02,-9.778650421320883579e-02
2.539707708151791796e-02,-1.033714647519675817e-01
2.504631965991814188e-02,-9.999379933443759694e-02
2.497650659800369766e-02,-9.932152513770141355e-02
2.506864273041521304e-02,-1.002087624009156130e-01
2.526640138670496055e-02,-1.021131057155137273e-01
2.503085609211991996e-02,-9.984489084294491390e-02
2.505025933758997861e-02,-1.000317370224522995e-01
2.521063509862132845e-02,-1.015760967742432991e-01
2.544356836073713088e-02,-1.038191587176335723e-01
2.545452323891662233e-02,-1.039246502480053735e-01
2.479355626035681728e-02,-9.755978053269022399e-02
3.990080536622953034e-02,-6.429920378379930246e-02
2.548396252933761430e-02,-1.042081398664927577e-01
2.514916838751548103e-02,-1.009841949531383593e-01
2.545139730020702304e-02,-1.038945486133938390e-01
2.500645825117848303e-02,-9.960994871335678014e-02
2.517504399788140709e-02,-1.012333676051598991e-01
3.707885549603002345e-02,-7.774171743863428352e-02
2.527922173028785552e-02,-1.022365610256205787e-01
3.583356051517500723e-02,-7.939546242169649715e-02
2.509172413960635353e-02,-1.004310278203443818e-01
2.547515391273744156e-02,-1.041233160155921600e-01
2.493733814855154593e-02,-9.894434737246388112e-02
2.474761592562434512e-02,-9.711739194591921531e-02
2.448716400815668243e-02,-1.007777201091663577e-01
5.530988784268343894e-02,-3.339083727069915020e-02
4.400206108087952039e-02,-5.544357123762181511e-02
4.518324143853580388e-02,-5.046707695284864681e-02
4.444867502374737905e-02,-5.769441425324486200e-02
7.572854516137222936e-02,1.751678681590497846e-02
1.858362592902005478e-02,-1.203410212432705767e-01
6.556992618559477626e-02,-1.086818695391064162e-02
4.606773601149496272e-02,-5.172000894330931742e-02
4.308989572930395362e-02,-5.999000326542781869e-02
3.810413558045159382e-02,-7.306810572754954269e-02
4.893462323220605648e-02,-4.870478159485305825e-02
4.800770870339889085e-02,-4.859433738921763168e-02
4.786607121117904956e-02,-4.784757762462369529e-02
4.808630750633943046e-02,-4.968949516921270654e-02
4.010697839592841651e-02,-7.013161221374746013e-02
3.682932098402954407e-02,-7.499946372568377928e-02
3.422399670207185857e-02,-8.368310815002058534e-02
3.787842353767287285e-02,-7.325714761386832585e-02
4.521843042319081268e-02,-5.757697916189905701e-02
4.139219148257176906e-02,-6.210138095416201098e-02
5.073134473077466067e-02,-4.381363549579562339e-02
2.211254209320423492e-02,-1.099575627724789090e-01
5.325194353458343605e-02,-3.752499973602112932e-02
3.860930850262082187e-02,-7.182455509151734752e-02
4.830476577217318601e-02,-4.673765642118892644e-02
4.918002444974162168e-02,-4.582229611470998998e-02
5.055556515363016090e-02,-4.097393512059634146e-02
5.435726144835535678e-02,-3.202009088262391251e-02
4.170041597957235141e-02,-6.103171149870750822e-02
7.316367341212634545e-02,1.159023570306337743e-02
6.943917458036127921e-02,3.489808034824028811e-04
7.131402403657806366e-02,3.810170748139322505e-03
4.570567592580212363e-02,-5.346532740493229602e-02
5.451933404981465503e-02,-3.196465457880966893e-02
2.649017168703166406e-02,-9.870606714195195863e-02
2.557516609139013838e-02,-9.571394030004706788e-02
4.155891559715349515e-02,-5.867268002253284848e-02
3.767677951002715991e-02,-7.520192200163819396e-02
7.598734869739687259e-02,1.713355740236394836e-02
5.623630122072052068e-02,-3.327693487182930426e-02
4.657978077736693590e-02,-5.126558009869469634e-02
4.258239058753732209e-02,-5.617378538952846195e-02
5.010682565336679190e-02,-4.487577852785359228e-02
4.299148011850398299e-02,-5.515607373500860250e-02
5.041325943662291337e-02,-4.056299175342567565e-02
4.441990159113071851e-02,-5.323313465149798196e-02
5.587271918100102097e-02,-2.571645340322272280e-02
2.744599543787473381e-02,-9.205210950063973108e-02
1.324212241917926969e-02,-1.318742530599554541e-01
5.992606573408174736e-02,-1.652989746732691848e-02
3.928814495005273494e-02,-6.486217795468023073e-02
3.744707774063835842e-02,-6.984496682272704760e-02
4.125282609527016614e-02,-6.573469720132893435e-02
6.656146235329456207e-02,-8.372749265456044809e-03
4.438540743447012826e-02,-5.695975602730204285e-02
5.106461175359260779e-02,-4.031888041599864664e-02
4.199370925505805513e-02,-5.822579932881149362e-02
4.777393334556321453e-02,-5.054661159539097087e-02
3.893162669894521810e-02,-6.815285515462479737e-02
4.389224037113013954e-02,-5.737291909416981917e-02
4.231006653855209215e-02,-6.149946231682849179e-02
4.386288662016331330e-02,-5.791350747326363263e-02
4.869241188585487351e-02,-4.376308889748790204e-02
6.383295791723127277e-02,-7.452375293251263348e-03
3.228888599250331198e-02,-8.681596200581510880e-02
3.548852411344609326e-02,-7.891638821520365055e-02
3.803230778230370923e-02,-7.407694229906880423e-02
5.204151114849769888e-02,-3.576346140251236011e-02
6.359657138983031144e-02,-1.692668657838248061e-02
5.484277946941524401e-02,-3.648913647945801336e-02
3.605032024851140271e-02,-7.937931803609993286e-02
4.534817305560660122e-02,-5.758439041557475435e-02
4.274313416760068540e-02,-6.363705425083079903e-02
4.368810733742529290e-02,-5.959427547464692110e-02
6.284195153065920414e-02,-1.228283368161226137e-02
4.234041105057342186e-02,-5.687524503792870667e-02
4.241939903718808941e-02,-6.010470645838137532e-02
6.326446850856889959e-02,-1.663322064960212621e-02
4.801277691044498336e-02,-5.087086099425235791e-02
6.291150054216824994e-02,-1.236328865239680504e-02
6.212752349702849869e-02,-1.194679807326399015e-02
4.494857054766137477e-02,-5.759396438796859224e-02
5.617825186459966119e-02,-3.332252601355412125e-02
3.938431857413204895e-02,-7.160715789035444756e-02
4.525229166035782402e-02,-5.403706355148547164e-02
4.478780776327732915e-02,-5.478738756966120699e-02
6.255727706253358389e-02,-1.941498529740446483e-02
5.155231529740882807e-02,-3.831471784395259345e-02
5.348254655162004711e-02,-3.139451823485384097e-02
4.159633098016771863e-02,-6.243527517833480367e-02
4.961866622462547671e-02,-4.478903740305169301e-02
4.646410121693807238e-02,-5.379622025509108590e-02
3.702741785303904909e-02,-7.457521484291283753e-02
4.549837675396301712e-02,-5.784287481258321151e-02
6.451571779054274258e-02,-7.389537308152914485e-03
4.773708473622967352e-02,-4.724909967424309465e-02
3.537192288297234810e-02,-8.043118435936315314e-02
4.117317977505946525e-02,-6.054959449185870479e-02
3.546350508246765704e-02,-8.046019182130781378e-02
