5.392941857112998338e-02,4.055972787922271922e-02
-3.325606350548734880e-02,6.930355191366995189e-03
-1.535231293660188276e-02,-8.400548875371420185e-03
5.486550695680859902e-03,-2.977007443726864544e-02
-3.675887750601351117e-02,3.530401500848415197e-02
5.334515900772059983e-03,-3.267487728346733789e-02
5.382908148849877700e-02,4.049333926984775844e-02
-3.441999384509095150e-02,1.362936167162181848e-02
1.112366007967630598e-02,-3.277799873415715437e-02
5.370389065290418623e-03,-3.403544822705289324e-02
-3.680740033014517215e-02,3.585397376892961868e-02
-4.953919969133965991e-03,-1.157432456627627802e-02
5.371659336477984520e-02,4.047984285840784680e-02
-3.442096142025651007e-02,1.225613001734428796e-02
9.415500149179988065e-03,-3.569368004495077074e-02
1.270051687844351478e-03,-2.692123396470006910e-02
-3.696459912952995697e-02,3.551933485832289156e-02
-4.973476768773330697e-03,-1.099181142847740697e-02
5.383735681807477053e-02,4.049547997003193761e-02
-3.874482152585520013e-03,-1.112945554917893660e-02
-3.771930545529483293e-03,-1.183693118291017157e-02
-3.812073000181495901e-03,-1.188255279993782366e-02
5.359583684151326272e-02,4.047811036386405464e-02
-3.684298980080670527e-02,3.615708055585137998e-02
-3.341410866848899819e-02,1.237954124614634721e-02
5.593921943881187582e-03,-3.367667616877075693e-02
-4.166559260349946697e-03,-1.198420394663945489e-02
-3.256460406390877804e-02,1.003874031552465761e-02
5.386440815866388315e-02,4.051411331706237379e-02
5.385944251118852943e-02,4.050116162454700519e-02
-6.695877898343939420e-03,-1.561929057192743692e-02
-1.670085682841511432e-02,-5.936526552864293538e-03
-1.876771525886313310e-02,-3.822078754212901788e-03
5.361839430390005767e-02,4.045223256552627628e-02
-3.260116406393045313e-02,1.026135226450151407e-02
-1.945745254744034314e-02,-3.954045425715761036e-03
4.657380535615912760e-03,-3.290791985572129319e-02
5.476308436469671213e-03,-3.355215285586158475e-02
4.813172108774867695e-03,-3.346635243776274055e-02
4.096338156619831403e-03,-3.243352661509121132e-02
-3.682737819165166071e-02,3.617217765777712424e-02
-3.687235440053086150e-02,3.620078927082297920e-02
-3.225368178399484059e-02,8.765575924878475297e-03
-4.426504587579536618e-03,-1.099128452987614864e-02
5.369611653574930810e-02,4.046829920551783116e-02
-2.638396863442443729e-03,-1.490829928458885234e-02
-2.031334076047726714e-02,-1.557111624827643747e-03
-2.514097789986948286e-02,3.267867339685637078e-03
5.395368381875678687e-02,4.052489909071491092e-02
5.384825463214740898e-02,4.052505957510819240e-02
-3.271444941125233041e-02,1.008342667536006251e-02
3.727908260193463826e-03,-3.167293746824465656e-02
6.570136597476381596e-03,-3.836090212606424465e-02
-3.226442448882455016e-02,9.848524766812838047e-03
-2.822157766929633826e-02,1.632719903394349789e-02
4.437919279105226149e-03,-3.288701827920741810e-02
-3.303138542072322353e-02,1.190630098148352106e-02
3.399768922057044059e-03,-3.102266095079160221e-02
-3.118508375652355100e-02,6.426930945599456345e-03
-3.666574849594012031e-02,3.388743568157007863e-02
3.624008380826072677e-03,-3.152848337587040722e-02
-3.581164389089873390e-02,6.078355160658435903e-03
-3.677235395352227570e-02,3.479494717535869946e-02
5.374329147972557730e-02,4.049172514881757556e-02
-4.116307074012046097e-03,-1.202905483572222316e-02
1.564331573358248000e-03,-2.511892289474475931e-02
-3.424431302219368978e-02,1.469155522523182475e-02
-4.619488872758433819e-03,-1.146940409230444088e-02
-3.688698986185125206e-02,3.616482416903848973e-02
-3.686233045102878247e-02,3.639454220547244656e-02
5.134966050057473280e-03,-3.004400863012873096e-02
-7.173882670143797574e-03,-1.516128724788473082e-02
7.373157638995932097e-04,-2.230631850434231997e-02
-4.391499139724599175e-03,-1.215119673106804243e-02
-3.257541217863253128e-03,-1.304916100669883255e-02
-3.625022113875296659e-02,3.123927133955440097e-02
-3.684985438214222198e-02,3.627874125697398006e-02
5.366450412691355781e-02,4.047115145174114831e-02
5.386404217532236166e-02,4.052591967631798131e-02
-3.418156560589392240e-02,1.463683847776480612e-02
6.024613879176841415e-03,-3.813807227943691314e-02
3.271996699172018130e-03,-3.085496593391617512e-02
-3.522243959206371178e-02,2.555469261785239463e-02
-4.561998604012593682e-03,-1.204548855681635694e-02
5.375492157280974126e-02,4.048738420688572509e-02
-3.415803357616064434e-02,1.445685250042701674e-02
4.759080156803541239e-03,-3.661442352373701220e-02
4.983483346226219926e-03,-3.397447751520154408e-02
-3.622352223085009010e-02,3.057711073227456500e-02
-3.991560604641351644e-03,-1.179045293504769366e-02
5.376570694861027011e-02,4.049346338295258668e-02
-3.451871703369429473e-02,1.591237338625786299e-02
4.674513510834274119e-03,-2.772476502310857946e-02
3.519603778209618762e-03,-3.055631607229171084e-02
-3.643104910110607497e-02,3.051618682101101682e-02
-5.207125685409833872e-03,-1.202290599177430891e-02
5.375764826216714032e-02,4.047287048676978527e-02
-4.282389164840192004e-03,-1.196858565471912474e-02
-4.893595743521529651e-03,-1.208830343403901296e-02
-4.602007664218883860e-03,-1.208524862600248925e-02
5.380885616132365795e-02,4.049470252499996065e-02
-3.677492766315551553e-02,3.297599461343266730e-02
-3.441426879951698520e-02,1.375451592499666795e-02
4.840529404538677395e-03,-3.236174124334659230e-02
-4.226533658947032555e-03,-1.222989642119258480e-02
-3.482586078442003602e-02,1.616330349182458145e-02
5.383791386831449782e-02,4.051659938405682837e-02
5.352846830796286620e-02,4.045431683859841698e-02
1.101300092805546820e-03,-3.017811869413502754e-02
4.816469460460186779e-03,-3.508805799571774325e-02
4.996336731113161858e-03,-3.877047331519566098e-02
5.367298799514550606e-02,4.045404758194555417e-02
-3.390547883216224467e-02,1.186750077321846800e-02
1.676601062036194977e-03,-3.136032500344084623e-02
5.213900021766856158e-03,-3.425424219701351386e-02
4.454454971577044564e-03,-3.316540198460030814e-02
3.243456685477081377e-03,-3.044344372481880279e-02
5.022533906604441725e-03,-3.378629204303287836e-02
-3.683975428500754767e-02,3.347602986386048057e-02
-3.694010302510188082e-02,3.216664912013722510e-02
-3.479893722782782112e-02,1.568138322162338297e-02
-4.592899258915774351e-03,-1.184363458026626258e-02
5.377416910992945803e-02,4.048560190951590310e-02
-5.006409607689868771e-03,-1.218741033764917346e-02
-1.826319476559919749e-04,-2.004340357562945513e-02
2.089738004433783474e-03,-3.082891047130444789e-02
5.364500170590671968e-02,4.043153392416649200e-02
5.369804048200931684e-02,4.047247346817296754e-02
-3.400217471328158270e-02,1.307945951367663409e-02
3.515654840298513498e-03,-3.142509203084373898e-02
3.724432847248059647e-03,-3.499246654227303882e-02
-3.651969134469629924e-02,1.936580764403924432e-02
3.489463224808985169e-03,-3.162513980999157037e-02
-3.533364757333209982e-02,1.784610619812136353e-02
4.517850935984101327e-03,-3.291033405306231091e-02
-3.435070830908491801e-02,1.215964598322770776e-02
-3.660037362753099793e-02,3.198469763033078700e-02
1.728141678270434922e-03,-2.834413831108043708e-02
-3.430302150778434533e-02,1.405991385247930443e-02
-3.663890553111351367e-02,3.142409316528486929e-02
5.384311715620862526e-02,4.051278681268350584e-02
-4.490019540541773276e-03,-1.229927818981675809e-02
-2.164498805659226342e-03,-2.106735189498579880e-02
-3.433800152797000099e-02,1.286473631967465468e-02
-4.827714679794025202e-03,-1.164466557798566303e-02
-3.690020760436393127e-02,3.214626831925953415e-02
-3.673551568306437226e-02,2.987341478139711112e-02
5.717022938489376913e-03,-4.125982023956641098e-02
3.953220430146861183e-03,-3.879805705886549272e-02
-8.227260327999069006e-03,-2.132450380955937252e-02
-4.523782094520254100e-03,-1.238054694493710868e-02
-4.556658756974408392e-03,-1.210171927432833992e-02
-3.664284120697700736e-02,2.682945495092949398e-02
-3.616709466370672532e-02,3.006904415336613887e-02
5.374379637288308892e-02,4.048426597807134458e-02
5.381796834201701962e-02,4.049496865696673720e-02
-3.539320477170811857e-02,6.510595023210971437e-03
7.803064979526481808e-03,-3.746934455845190443e-02
6.153191978391338995e-03,-3.208050816738904770e-02
-3.689312463867763098e-02,3.634695307138494091e-02
-3.775848435225730073e-03,-1.082739675110639017e-02
5.388826429851159561e-02,4.051045238570249313e-02
-3.558188117730365363e-02,1.414478754848144323e-02
7.643848835707144074e-03,-3.704628133468415574e-02
6.528529675263345169e-03,-3.722349684814912213e-02
-3.690276183937806626e-02,3.602495482009776540e-02
-3.858553926554565520e-03,-1.302581899634472351e-02
5.387856400337381196e-02,4.051212031224989130e-02
-3.642228129067791309e-02,1.000015763856529696e-02
7.922241067664774830e-03,-3.812023820881178110e-02
6.439084873383375471e-03,-3.463650787726757496e-02
-3.691923760712084723e-02,3.622545481678296486e-02
-3.865521954852477703e-03,-1.100374215380515650e-02
5.383791540597447633e-02,4.050010448375210986e-02
-3.784484939766837117e-03,-1.071802821656022732e-02
-3.787250022181239736e-03,-1.167936971592622997e-02
-3.538337559975453933e-03,-1.212218092518590508e-02
5.381965441409277545e-02,4.047963416567845751e-02
-3.684617878648961675e-02,3.634942307546967094e-02
-3.526954483129002282e-02,5.744451119862849058e-03
6.395233526921142303e-03,-3.607174462594279346e-02
-2.825906659863750003e-03,-1.057868749680616199e-02
-3.572580314950239005e-02,6.946577590333525773e-03
5.388233577184219081e-02,4.052113098097206295e-02
5.390237509271025851e-02,4.053900515517342568e-02
6.667972718763049388e-03,-4.079215619373724455e-02
3.987983286212283540e-03,-3.423731017681170413e-02
6.501603021413226990e-03,-3.522778916339253802e-02
5.390373316951787425e-02,4.052464413974618540e-02
-3.600522364897698613e-02,1.859464610704401541e-02
7.734375081574906483e-03,-3.850244817535497521e-02
6.776091110460208400e-03,-3.817290308563805329e-02
5.836246551374198697e-03,-3.528452380827287044e-02
6.778194538660188041e-03,-3.705517967439862781e-02
6.506838391451145835e-03,-3.652374716807753330e-02
-3.689779392273415809e-02,3.620860599674533692e-02
-3.691696668463276959e-02,3.599335193728126631e-02
-3.524994823468576011e-02,6.090810483094672226e-03
-5.234380773159805558e-03,-1.105292797555242242e-02
5.387884005827980882e-02,4.052624843834889273e-02
-3.582965411607582674e-03,-1.068057379021789509e-02
7.019363511433927144e-03,-3.487747242908283835e-02
6.777912996046068193e-03,-3.990087171011444389e-02
5.385023299531999097e-02,4.051353231144504130e-02
5.389875867451859176e-02,4.051660987010926446e-02
-3.638713340298001947e-02,1.004848815670705831e-02
6.411878216641670944e-03,-3.644012379822721137e-02
5.457592348656903521e-03,-3.575836404401999680e-02
-3.731326973230657262e-02,1.317506756577029904e-02
-3.691175531064261328e-02,3.608451231928892777e-02
5.839070632930330566e-03,-3.406713793935980256e-02
-3.572934521880495595e-02,7.354117659521228721e-03
6.151022073666109584e-03,-3.553373090851370819e-02
-3.501841880799087814e-02,5.694489243400095713e-03
-3.685869598917210915e-02,3.631697169989152318e-02
6.162646086498999726e-03,-3.411947783173703563e-02
-3.540314194285620192e-02,6.280872891855721063e-03
-3.693988521074604431e-02,3.578718191079768851e-02
5.385913068615042626e-02,4.050201575522024977e-02
-4.055162934113848081e-03,-1.081493195948735053e-02
7.683686276344592510e-03,-3.228016755724858605e-02
-3.544670484417914574e-02,4.903757535303966859e-03
-3.767151526782073524e-03,-1.163407335514596644e-02
-3.683094332572525720e-02,3.677506652131713044e-02
-3.685731127982919131e-02,3.632299221238468462e-02
7.596602534301667188e-03,-3.769647931710438243e-02
7.780737740807362746e-03,-4.126350151827429952e-02
9.063950841733203409e-03,-3.725660806842685802e-02
-3.899742860434712074e-03,-1.137018260163878691e-02
-4.325098611882962144e-03,-1.223485981707474364e-02
-3.690593346437798239e-02,3.623714263086762200e-02
-3.685981370316340766e-02,3.600087875768399892e-02
5.388695525390464758e-02,4.051304903604976276e-02
6.022050757635666156e-03,-3.150020337020557198e-02
5.393088849638354859e-02,4.049997943161568609e-02
-3.415224609054526989e-02,1.308678734536556330e-02
1.170061632693439324e-02,-3.585602714931725860e-02
6.162284116360654262e-03,-3.522473085929252179e-02
-3.682482739181673626e-02,3.313843593627176926e-02
-1.406158154304336470e-03,-1.040072975339185329e-02
5.382602214814442843e-02,4.051887921358715561e-02
-3.474085832148408187e-02,9.216363353732411404e-03
1.129496583343217279e-02,-3.177041649084924591e-02
7.316654172616831112e-03,-3.795327088899245332e-02
-3.685587812538845126e-02,3.428118599717528553e-02
-4.283829975223608748e-03,-1.032083184219384150e-02
5.379772853046368292e-02,4.049503978829477324e-02
-3.430905925601968054e-02,1.064072748321891020e-02
9.726893459626004268e-03,-3.715961189249711999e-02
2.441866788973972441e-02,-6.978693371420980132e-03
-3.664250324359362432e-02,3.202513385273460939e-02
-4.132926244189658385e-03,-9.853901671300220252e-03
5.373532151785705147e-02,4.048294063639624324e-02
1.996857773467469645e-03,-1.169346308963961634e-02
-4.541424002750849530e-03,-1.003062205784875996e-02
1.846895388878103117e-02,2.954828029083632693e-03
5.389347073357661499e-02,4.050801859940638544e-02
-3.667325950784660477e-02,3.273377911411996799e-02
-3.392058819199952890e-02,1.156222983771595589e-02
6.985887141641810780e-03,-3.743537489596156925e-02
-3.899902254517534014e-03,-8.790863447935183192e-03
-3.434757913661867779e-02,9.795031401960469300e-03
5.384660642311146772e-02,4.052414183951250776e-02
5.383726378070365776e-02,4.051496156785337754e-02
1.247385683026365835e-02,-3.305054916933414938e-02
9.908671824977583614e-03,-3.513862295475002340e-02
1.048265167374264409e-02,-3.412354788098453245e-02
5.386646206199523224e-02,4.051738389818332342e-02
2.501252790354113742e-02,-4.669450461553809051e-02
1.202924661576039618e-02,-3.087736157443237914e-02
6.587247990985386700e-03,-3.662016019829934799e-02
7.049126365070775002e-03,-3.771630367731459293e-02
6.665283913748020969e-03,-3.586468365615369525e-02
6.718440325274331777e-03,-3.601696901578885918e-02
-3.678453158053583000e-02,3.375074427360186258e-02
-3.674901922623455969e-02,3.313460323573125255e-02
-3.449764865655988166e-02,1.207647113092754666e-02
-3.317016598105369373e-03,-1.005632118704525256e-02
5.379666308263242325e-02,4.047522233734899416e-02
-4.443842999049925184e-03,-1.019543133058737304e-02
1.258726259995056156e-02,-3.479556068727749502e-02
8.095085947973767321e-03,-3.604864119211759199e-02
5.389593491236219225e-02,4.053806816838229771e-02
5.385477452301256490e-02,4.052570937321176708e-02
-3.397279584610185532e-02,8.998869374830086726e-03
6.917900653055493627e-03,-3.658612508010711251e-02
8.093584312597769739e-03,-3.796781996600017556e-02
-3.385467022725166530e-02,1.008494131958978871e-02
-3.701583663730122209e-02,3.460377459751910745e-02
6.729343821945101001e-03,-3.598071859735519490e-02
-3.406585195748078332e-02,1.247946307476116221e-02
7.823452897101589032e-03,-3.340467898119277995e-02
-3.411684223409042899e-02,9.708180872436786291e-03
-3.681786769303298235e-02,3.395613972846192596e-02
7.333561376631606704e-03,-3.581703482006893396e-02
-3.469577998945120451e-02,1.016218204184079869e-02
-3.676579681477321060e-02,3.321017283002801468e-02
5.383990894960406781e-02,4.048245588980371734e-02
-3.271812666026232240e-03,-1.073517097448707658e-02
7.663325890113044381e-03,-3.876590853994676261e-02
-3.390376459905526663e-02,1.070527015378898439e-02
-4.268123094625398198e-03,-1.070139209239455783e-02
-3.600055871012576569e-02,2.805855187909807313e-02
-3.652043420345314068e-02,3.180272312448136768e-02
8.370878749980702541e-03,-3.744951110801014726e-02
9.705782965894626038e-03,-3.778471431609797815e-02
-9.917358115425094212e-03,-1.356057252512729051e-02
-4.614615563948563925e-03,-1.128144887229631972e-02
-6.443343519051042412e-03,-6.991201592688037376e-03
-3.679118983479156418e-02,3.395447159076603327e-02
-3.687273731483436956e-02,3.304743969094156575e-02
5.385605809930033711e-02,4.051278510978561370e-02
5.383031533992468226e-02,4.051144882543197823e-02
2.501234514723641236e-02,-4.528517685034270934e-02
2.028086370201487298e-02,-2.822797956719800064e-02
7.765281658492280414e-03,-3.241332781529342177e-02
-3.699442725653700331e-02,3.517183957193245614e-02
-5.058572280208673000e-03,-8.957325332127829068e-03
5.389510947513771050e-02,4.052900042351713361e-02
2.501270828124644435e-02,-4.704985059473563991e-02
4.397528691005504926e-03,-2.611649575458457190e-02
6.736737292879413017e-03,-3.335198869507599584e-02
-3.726647402609711834e-02,3.370073839461815851e-02
-4.463872503631393339e-03,-1.060511701977080376e-02
5.384916407067476957e-02,4.048341712522407487e-02
2.501276379049199861e-02,-4.823795918222909679e-02
8.726870437844246389e-03,-2.353377305139289777e-02
6.528317952194035052e-03,-3.154160223956694459e-02
-3.689165095222305540e-02,3.486586263992471485e-02
-3.544899847719913590e-03,-1.086841284514233549e-02
5.382754817289083643e-02,4.048926441786270675e-02
-3.023236336520981980e-03,-1.073220598871413647e-02
-4.008551619588459486e-03,-1.097632926240646109e-02
-3.911624540140503335e-03,-1.077439873523188332e-02
5.395627484942683988e-02,4.055535460656720798e-02
-3.693521382823694577e-02,3.549194215029022326e-02
2.501270780415369016e-02,-4.917758283897617072e-02
7.471175470335247350e-03,-3.343088747672717104e-02
-3.830441475980877076e-03,-1.088807796870417885e-02
2.501268663013670249e-02,-4.928778367571681057e-02
5.386962116737296913e-02,4.051082053068152944e-02
5.397493217437047963e-02,4.054298843025721383e-02
8.765452883946651952e-03,-3.232103340780945883e-02
6.228126157094860185e-03,-3.057054981593723686e-02
1.239892393545693507e-02,-3.314436576848697746e-02
5.386803883945245897e-02,4.052124092144931966e-02
2.501291323034292996e-02,-4.981713084632456018e-02
7.300640490718995554e-03,-3.103740018726442590e-02
8.046529982715790869e-03,-3.302782989125913754e-02
6.108323150859762754e-03,-3.006724858744458037e-02
7.681531338770187373e-03,-3.076572993135518949e-02
7.504923010852451899e-03,-3.232904972153469170e-02
-3.692002941537480404e-02,3.580793745556243995e-02
-3.710925364326703862e-02,3.459646187053467409e-02
2.501277187999872628e-02,-4.875488541175310858e-02
-3.621412998176748790e-03,-1.088012841639517461e-02
5.379781450062954412e-02,4.047618327215927320e-02
-4.604162886715358442e-03,-1.037644142097462856e-02
1.258594392456047553e-02,-2.625792695010436412e-02
7.402045063394103661e-03,-3.530380338511651672e-02
5.389648390167463277e-02,4.050622646153616280e-02
5.381481847838649052e-02,4.047550126715528801e-02
2.501292779795913357e-02,-4.996815795708105939e-02
8.126732256077278532e-03,-3.214566418569225759e-02
1.167626748586043928e-02,-4.059049170066163920e-02
2.501271144477335007e-02,-4.809331724508239536e-02
-3.700708099802250267e-02,3.481401592044017224e-02
6.859681352513638357e-03,-3.149340474924424566e-02
2.501284816813312273e-02,-5.000209506459546427e-02
7.039770124607246278e-03,-3.133475091184722422e-02
2.501245364464848783e-02,-4.671114932543607434e-02
-3.696328670026190893e-02,3.516649830575114405e-02
7.107959372122182526e-03,-3.446316712615175859e-02
-3.568797872324578485e-02,6.285853555344871751e-03
-3.698632151482417196e-02,3.512308690854455684e-02
5.383113899174569311e-02,4.048191626185601577e-02
-3.994393198924744461e-03,-1.101039992937717128e-02
7.119623294047328424e-03,-3.385201542267415875e-02
2.501202467456154974e-02,-4.260599811414557403e-02
-3.927822574322616458e-03,-1.090094537020222520e-02
-3.695046429645575808e-02,3.489178757889531413e-02
-3.691774371354405310e-02,3.591450019254836118e-02
7.696639484215125372e-03,-2.965403523648603781e-02
8.236345124521968208e-03,-3.499161562069909998e-02
9.460646915527818127e-03,-2.995930015723843529e-02
-5.981413973540472724e-03,-7.972439033444011017e-03
-4.392798863344949192e-03,-1.061402471409697047e-02
-3.702880351097009859e-02,3.494702407503195302e-02
-3.706540734378730578e-02,3.478083256032046822e-02
5.384537545573386125e-02,4.050772578080152203e-02
5.382242744193342643e-02,4.049125294460294983e-02
-3.579109168194031382e-02,6.497922406185345501e-03
4.021485712392105366e-03,-3.182193533457872148e-02
6.666381462700435127e-03,-3.763518525980288909e-02
-3.685555482581608783e-02,3.275488830151015995e-02
-7.919293139202237403e-03,-5.405187129126203319e-03
5.383257777088838042e-02,4.046896648238988009e-02
-3.561121497660003216e-02,5.854913957123788863e-03
9.123699121932461829e-04,-2.898075188887368203e-02
6.778291646147888323e-03,-3.744047346380978414e-02
-3.680253924795840598e-02,3.296648317931418631e-02
-5.552650474606768069e-03,-1.008856398403919045e-02
5.378283199236963408e-02,4.049685359217927716e-02
-3.604270293944155518e-02,5.794363583311895605e-03
4.644893639928610735e-03,-3.204959196213377770e-02
6.709263885556733011e-03,-3.825913767991730857e-02
-3.695436311245849093e-02,3.141861438372988563e-02
-5.306041213015670263e-03,-1.082133234248461133e-02
5.388859156545464102e-02,4.052373529649271056e-02
-1.922240986334532512e-02,1.033707139401434869e-02
-4.893454153341083961e-03,-1.163595207056116430e-02
-4.919081804763566178e-03,-1.158798120641888439e-02
5.381984540286158247e-02,4.050796359892343268e-02
-3.676155115984593852e-02,3.220523636278740248e-02
-3.565396619605559758e-02,6.587928287261704714e-03
5.147815537991635645e-03,-3.429393177458384123e-02
-4.953631615902655272e-03,-1.143316696456104196e-02
-3.570435020508973961e-02,6.771198894662586176e-03
5.379978172163701194e-02,4.047370816445716724e-02
5.384296700721749596e-02,4.048386713425727174e-02
7.072875660740230060e-03,-2.751234420955021853e-02
2.654283500942324851e-03,-2.770883623438356869e-02
7.778054107584145109e-03,-2.916312501761438719e-02
5.358414004816192122e-02,4.043774114466675701e-02
-3.557481634678553994e-02,6.709651735983504679e-03
8.674863027597705042e-03,-2.651911343418240224e-02
6.689737070390555651e-03,-3.668226416114393762e-02
6.594118770293805679e-03,-3.738224905283631105e-02
6.742198704617155883e-03,-3.648774411735057621e-02
5.974569798390592240e-03,-3.506519369520395141e-02
-3.695355013862403060e-02,3.283894713004727184e-02
-3.680654552076782077e-02,3.335786608584170171e-02
-3.596548928034919851e-02,6.491498475680168058e-03
-8.452469714493352285e-03,-5.175573669272186435e-03
5.378816673053143926e-02,4.042851230782789490e-02
-1.046655202147565855e-02,-2.435320778505609303e-03
5.026192106131293497e-03,-2.841438763300771844e-02
-1.994448310346127497e-03,-2.668175779982279866e-02
5.377589909473619312e-02,4.046663181822372779e-02
5.386807806615728084e-02,4.051714671394524014e-02
-3.570074365977594921e-02,6.710052541728183349e-03
6.558753001239412718e-03,-3.768454217780716625e-02
5.830847752307943485e-03,-4.085062605846798839e-02
-3.638652590793259312e-02,5.580231101509786421e-03
-3.672859016540891419e-02,3.332566397764021721e-02
6.993358447783881889e-03,-3.789017889686301099e-02
-3.591708758339268170e-02,5.559888131635846997e-03
5.096177836495132188e-03,-3.266498247857016479e-02
-3.578852679281848553e-02,6.283008611550311776e-03
-3.699736707051531903e-02,3.512846008135872555e-02
5.007269920438705245e-03,-3.200985649612157757e-02
-3.632443699885607585e-02,6.486269983027776603e-03
-3.764400808735357540e-02,3.141605540153754456e-02
5.379287944771602575e-02,4.048745231050566995e-02
-3.375949078974451161e-03,-1.318970590730417745e-02
6.440196333691411770e-03,-3.734978174697430042e-02
-3.587232389047022990e-02,6.322891793560609340e-03
-4.794012699452018279e-03,-1.158738874521480014e-02
-3.692658892782944152e-02,3.477971018490966931e-02
-3.719341515843572338e-02,3.443579581115326776e-02
4.315161046337163790e-03,-3.183621081982869472e-02
4.030473282046810081e-03,-3.121731793824746720e-02
4.278332761725911655e-03,-3.193761442883256280e-02
-5.685961325014519431e-03,-1.109733488222779119e-02
-5.519395860331585343e-03,-1.183708812817590474e-02
-3.690155948985377604e-02,3.527665747923681983e-02
-3.731658988842254804e-02,3.307363558040127965e-02
5.381464734656440929e-02,4.047662993453547686e-02
5.387851890207508154e-02,4.050413444339639318e-02
-3.531901178852171752e-02,6.176411141537371807e-03
6.797049599845192934e-03,-3.787907446126067418e-02
4.278447243909499695e-03,-3.039899384571158672e-02
-3.683875463068278511e-02,3.628363048332991503e-02
-4.028881635014068020e-03,-1.182649443225271962e-02
5.390858170831708263e-02,4.052747515444900944e-02
-3.551416478128217175e-02,6.391528996339270255e-03
8.753349191480444894e-03,-3.792246400028862624e-02
6.267550874053329918e-03,-3.373216177979334457e-02
-3.680786705509287576e-02,3.537301707128260447e-02
-4.583554406878968118e-03,-1.214643857923921634e-02
5.384097069181140172e-02,4.050583110027305284e-02
-3.556295149511112808e-02,6.592706397746473171e-03
6.713369645865728368e-03,-4.173124215454656477e-02
6.492821161534900222e-03,-3.471338162151657580e-02
-3.687080434539792562e-02,3.591303377188621859e-02
-4.709774020599011117e-03,-1.201977443565350155e-02
5.388191982027829008e-02,4.051239585739795784e-02
-2.535744058158511793e-03,-1.534930439839974660e-02
-5.255666951817856286e-03,-1.147900116356897690e-02
-4.007496820931516490e-03,-1.235215644620062461e-02
5.387269680874583883e-02,4.050466629901414151e-02
-3.682095611346396236e-02,3.593095924348629899e-02
-3.589955484956553616e-02,6.530224146844096182e-03
6.660927849173332860e-03,-3.377389204239857751e-02
-4.425442273738989726e-03,-1.189285113662445770e-02
-3.535168555504639154e-02,6.241128523318442700e-03
5.383162161339796747e-02,4.050019321495970659e-02
5.382917207948692551e-02,4.049221998813482687e-02
4.677196352720875729e-03,-3.392843805198763468e-02
5.805093292180928642e-03,-4.333227814580126180e-02
5.976912040392430743e-03,-3.978850074923667018e-02
5.373448123535409793e-02,4.049394456865454406e-02
2.501267937796615784e-02,-4.899757885134923413e-02
6.688249415622176709e-03,-3.739173546098259471e-02
5.760977477487209085e-03,-3.415613333782568234e-02
5.986410112428899692e-03,-3.489408008744659256e-02
6.164042368948051583e-03,-3.630580564782800307e-02
5.575507355872972096e-03,-3.504942006284664929e-02
-3.682720097266359294e-02,3.507886101060260498e-02
-3.684320966465619990e-02,3.561637853941339998e-02
-3.549833691494858057e-02,6.794502437635226676e-03
-3.637087199105148386e-03,-1.332463118319567215e-02
5.377606905049785863e-02,4.047955619177974473e-02
-4.303492324349371921e-03,-1.236259580413779334e-02
7.040664263479380104e-03,-4.465791757518574462e-02
6.882872066081058109e-03,-4.312645119042903680e-02
5.355885455482976149e-02,4.045563635775629996e-02
5.399135590851687760e-02,4.057345387545941567e-02
-3.557177826892791300e-02,5.557454246455739363e-03
5.957558604871248525e-03,-3.550126998424143338e-02
3.812891286983603224e-03,-2.483434070595263651e-02
-3.546518728335446707e-02,6.250472868015753865e-03
-3.678852537575157122e-02,3.601304671864139634e-02
6.069842611594399896e-03,-3.516796593180479547e-02
-3.505427665502057477e-02,5.993370046717226042e-03
6.230794827671842090e-03,-3.422156786387497290e-02
-3.493131227522332932e-02,5.862251008127548728e-03
-3.685345801996314091e-02,3.621716627837982816e-02
6.353451517262823263e-03,-3.309289667423315900e-02
-3.544115784737706526e-02,6.478057032515887291e-03
-3.680778785983671031e-02,3.709722046329959333e-02
5.391432857992591726e-02,4.054080684867238105e-02
-4.042027257313170023e-03,-1.184651383540315239e-02
5.369684083404031513e-03,-3.390067670478445067e-02
-3.570896788675141653e-02,6.585529266237440636e-03
-4.841601429418314340e-03,-1.168271388226798171e-02
-3.684882666898586095e-02,3.580545171434625779e-02
-3.672050404133059276e-02,3.503510319124276962e-02
7.459911914472052395e-03,-4.533979616161137871e-02
-4.031030497232449342e-03,-1.660302239537736826e-02
5.284002101806899165e-03,-3.331474425952286877e-02
-3.470293042601667582e-03,-1.140328627935144855e-02
-4.614323737932730582e-03,-1.198614478361970104e-02
-3.682973819345922162e-02,3.643120930184549910e-02
-3.680551644387992233e-02,3.669826674234540759e-02
5.373566482573794573e-02,4.050947786923136257e-02
2.501278494458100687e-02,-4.886953051593306840e-02
9.744915450662817655e-03,-3.744997960135890147e-02
1.354279566776615297e-02,-2.177005890914625666e-02
-3.677229149192396546e-02,3.550144209857824390e-02
-3.799047155877079314e-03,-1.107777896660906355e-02
5.392593799949792210e-02,4.055139359244765151e-02
2.501285805358696018e-02,-4.851081714747217111e-02
7.971276356110400946e-03,-4.136250701395880608e-02
7.945869744898899009e-03,-3.429536469070334354e-02
-3.674153815004273932e-02,3.551522760007712332e-02
-4.275948234118643644e-03,-1.101615983160044235e-02
5.393204211778459406e-02,4.053935843564085428e-02
2.501299448033690587e-02,-4.966915486125189627e-02
1.002415399636709913e-02,-3.685836111667101928e-02
7.713673295774348473e-03,-3.667336946473587211e-02
-3.665225671179778155e-02,3.487731781692042510e-02
-4.030497597101061376e-03,-1.136241046480613789e-02
5.388885564186060573e-02,4.053491541588092467e-02
-3.818122835487101994e-03,-1.155263902636366122e-02
-3.833555633873341178e-03,-1.081914262921939915e-02
-3.945961391898886172e-03,-1.136186491206046811e-02
5.393418562982386921e-02,4.054942070869294729e-02
-3.682102395501264669e-02,3.645917452269464842e-02
2.501168113975560034e-02,-3.895514144576325138e-02
7.660074817428026532e-03,-3.767640279500793221e-02
-2.420006052235906292e-03,-1.410011133287513395e-02
2.501216894277225739e-02,-4.435479253586766674e-02
1.061041820038142319e-02,-3.694295658480650779e-02
1.772056741187604326e-02,-3.049049711958010805e-02
5.393743617985327643e-02,4.056006430476177815e-02
2.501248589583755094e-02,-4.575333683594921125e-02
1.537673328364595228e-02,-3.501372898002397954e-02
9.648362014665477771e-03,-2.616319114765988316e-02
7.525623812764098593e-03,-3.732747962499095157e-02
1.858034146568070602e-02,-1.437955925662039169e-02
1.335507780659525405e-02,-2.526754448540112843e-02
-3.674822226094651839e-02,3.585185323624209136e-02
-3.654598458179603854e-02,3.384568870638715588e-02
2.501216986401949560e-02,-4.234345769882432581e-02
-3.666890524693502962e-03,-1.101382687871491940e-02
5.391549784804454404e-02,4.053425166655460349e-02
-4.021304412791891665e-03,-1.115643580555069486e-02
1.509887629781742589e-02,-2.807757019765934683e-02
1.827281925906093854e-02,-3.286373591347030443e-02
5.389196623674080006e-02,4.051758746376658837e-02
5.400609328160312778e-02,4.057199577334183460e-02
2.501217629414698163e-02,-4.444802304452411673e-02
2.396695088749014463e-02,-7.782329362859695572e-03
9.403213465163038839e-03,-3.794403217035505899e-02
2.501275765469878481e-02,-4.895521499236581836e-02
-3.679336886855077288e-02,3.702092510112181545e-02
1.179695491729048674e-02,-2.402460688519710355e-02
2.501250928558505435e-02,-4.547974838705778899e-02
1.719483766743083383e-02,-1.833383618288131345e-02
2.501234990452596771e-02,-4.359500969274806431e-02
-3.675931556187401333e-02,3.649015086799128199e-02
8.423806870640192582e-03,-2.980223775400046501e-02
2.501207783543957577e-02,-4.250165730315228624e-02
-3.665170414634505436e-02,3.467761560165332629e-02
5.390748166217951970e-02,4.054317048909791832e-02
-3.723939883970920663e-03,-1.120133820873624175e-02
1.279912534358271410e-02,-2.600193649463964501e-02
2.501267187458056096e-02,-4.653051817108255078e-02
-3.664044653342600488e-03,-1.138345529715490724e-02
-3.673022520997892837e-02,3.539946717908337009e-02
-3.679631032654000905e-02,3.628453999646239631e-02
1.296890428710631080e-02,-3.496880901166853073e-02
1.980904687006332376e-02,-3.246528963745966279e-02
1.072295895473548977e-02,-3.661286241072423536e-02
-3.844905751836499332e-03,-1.136234240164690421e-02
-4.057397134136501299e-03,-1.108358022163883662e-02
-3.685569852805789526e-02,3.692050339366292899e-02
-3.688840665348309261e-02,3.626488680819080906e-02
5.393322827579254825e-02,4.054236499981818398e-02
5.390960869219051099e-02,4.052969998273283497e-02
-3.563696662273672239e-02,6.773894626957854478e-03
7.895942147878759129e-03,-3.810583926796815013e-02
6.962138820979464626e-03,-3.612528771856558102e-02
-3.687155699152937921e-02,3.653960222525423629e-02
-4.761236058446888242e-03,-1.131850387693989976e-02
5.386706396080527537e-02,4.052388248174330909e-02
-3.564111143587778835e-02,6.536568634943861790e-03
8.193970177133831981e-03,-3.102081262604847178e-02
7.835604201956530845e-03,-3.430187585189826971e-02
-3.686332991962681244e-02,3.744525166993013104e-02
-4.384895028222989682e-03,-1.087977405957973875e-02
5.391316032347394371e-02,4.053465083716170647e-02
-3.519725921470119590e-02,6.010847610717215232e-03
1.589443264871629596e-02,-2.794306688546380549e-02
6.439091376017226989e-03,-3.519013476458025119e-02
-3.684585789340949491e-02,3.615791938835085512e-02
-4.097647823876011952e-03,-9.972926864129240399e-03
5.393325429343104327e-02,4.054543724752629474e-02
-4.154555952637323940e-03,-1.127757316547971234e-02
-5.479386233966272723e-03,-1.082140009552509489e-02
-4.310232101310645415e-03,-1.151847747080479191e-02
5.388446764253191495e-02,4.053374519615852989e-02
-3.683742478047535157e-02,3.776466899600530031e-02
-3.540191382932601771e-02,6.208488582928667864e-03
5.851381014393625297e-03,-3.436630593847926629e-02
-3.596525011854068664e-03,-1.149522049660867823e-02
-3.496971368697678051e-02,5.795791072393896223e-03
5.369657534067320132e-02,4.050190589535124924e-02
5.375453670778424647e-02,4.050638238787920842e-02
1.666971444328501153e-02,-2.683679696634468093e-02
5.389395476819042879e-02,4.052315222370391629e-02
-3.576567194996056742e-02,5.431293894142056634e-03
1.508847737530180817e-02,-2.926195956671373902e-02
6.798199206796942846e-03,-3.610080483804299634e-02
6.327987450144212031e-03,-3.538135227570395058e-02
6.741834147279522280e-03,-3.649653082518637681e-02
6.498291658521685756e-03,-3.532967920708228460e-02
-3.689516156397858876e-02,3.646661263021523658e-02
-3.703607127078042960e-02,3.551144123009856990e-02
-3.516025807393378944e-02,5.948516245453867347e-03
-2.480982413129594836e-03,-1.173923779151636246e-02
5.389510106850151777e-02,4.051852697533686598e-02
-4.673545163231982921e-03,-1.178402268091585832e-02
1.187335021430118570e-02,-3.127394825418908231e-02
2.304298849008560787e-02,-2.243610079902407656e-02
5.389803372588427427e-02,4.051148704382773191e-02
5.396438760932935341e-02,4.054403321215884620e-02
-3.443427014960958460e-02,5.112445749455119676e-03
6.361061575986948560e-03,-3.730863024363798713e-02
1.405247443024120434e-02,-3.420557875540116560e-02
-3.520456746838425410e-02,6.002886782104466072e-03
-3.686993137680327770e-02,3.636257662105307070e-02
6.545407647234974431e-03,-3.723052486435418640e-02
-3.532508290288413622e-02,6.522770975181795342e-03
-1.057474006576888254e-02,-6.433377295266178367e-03
-3.560330404300399848e-02,6.611281231986255828e-03
-3.691788457790275840e-02,3.574566599121685451e-02
6.865036455827021669e-03,-3.681689619128600266e-02
-3.525016165518899541e-02,5.999965166591540375e-03
-3.687414563601609102e-02,3.638235993020126624e-02
5.390747509808770793e-02,4.053875279735404819e-02
-4.538200021682186475e-03,-1.149337566542176989e-02
6.241400087327239436e-03,-3.614884329246125655e-02
-3.483769886587128467e-02,5.696623057709572849e-03
-2.946325193976392746e-03,-1.203618265330660270e-02
-3.684583234676113567e-02,3.626946031409660626e-02
-3.686124877418216900e-02,3.668465982572005624e-02
1.124195974504479077e-02,-3.628889307939305725e-02
1.004743946515405766e-02,-3.156257551722094212e-02
2.359981268571844162e-02,-2.901814991761979962e-02
-5.212836378894671052e-03,-1.117265836647161892e-02
-4.346594782333863122e-03,-1.055287607270492117e-02
-3.687437692413859935e-02,3.619023792935453093e-02
-3.693698167860678255e-02,3.487096401640047555e-02
5.389330766655790750e-02,4.052776187794221441e-02
5.389447745633887954e-02,4.052115859699990941e-02
-3.031288553324364837e-02,6.427658744150164388e-03
7.434237340605719634e-03,-3.873003894006114833e-02
7.060413294354680146e-03,-3.650205867454401482e-02
-3.686703869714911402e-02,3.616174950167293234e-02
-3.346288040610361642e-03,-1.223983351821424613e-02
5.391444433903862243e-02,4.051957328182553830e-02
-3.158809310378395130e-02,8.447214946509358502e-03
1.202010293138185484e-02,-3.526435867335172419e-02
6.016190576242674490e-03,-3.501191279197714973e-02
-3.677296352841663563e-02,3.587388691323436379e-02
-3.594012242441142410e-03,-1.248526479134887818e-02
5.393408394871747336e-02,4.054408044687784346e-02
-2.628956636105810041e-02,-1.849380701568245633e-03
5.358093067227937163e-03,-3.140071754609068816e-02
7.514411651488125954e-03,-3.635067505823364603e-02
-3.688551558151213772e-02,3.550006080506301620e-02
-4.613090110495269430e-03,-1.233552706313417215e-02
5.384237000008919305e-02,4.049415675102232409e-02
-2.513485686092312068e-03,-1.271153218868233993e-02
-3.653378087648209965e-03,-1.116384338940214389e-02
-4.286836728781144405e-03,-1.185382287891210452e-02
5.378901157111910108e-02,4.047627810625441247e-02
-3.677340443566640832e-02,3.559632498101105574e-02
-3.552474477853794638e-02,6.649934136543090776e-03
3.023661116455020510e-03,-2.870092432239362140e-02
-8.980332124427078608e-03,-4.487040734496502113e-03
-2.787658582648941050e-02,3.263304907228473193e-03
5.380017427429525934e-02,4.046369964846038142e-02
5.378536076629085450e-02,4.046556732299471520e-02
9.452788992051647590e-03,-3.009787843706653032e-02
3.899718035129522056e-03,-3.137736342116231175e-02
7.623392445469435313e-03,-3.885146474751744600e-02
5.385150979483505768e-02,4.049408658625245488e-02
-3.518406201334289135e-02,5.773590936783139227e-03
8.338027178737491413e-03,-3.384379269717083250e-02
7.214738526223746923e-03,-3.717320568122708252e-02
5.450498402588229048e-03,-3.183231338615248596e-02
3.181685096782779776e-03,-2.947610707022862292e-02
6.315101293055840927e-03,-3.576128566802513203e-02
-3.681054297588694235e-02,3.682032730705210588e-02
-3.685289031173035607e-02,3.620753957154344838e-02
-3.500689322606574672e-02,5.845624952085235089e-03
-5.456085367039686246e-03,-1.116192954784430390e-02
5.383142064328018395e-02,4.048151008597621753e-02
-3.265587038110018964e-03,-1.237106164892560860e-02
9.166268260208611587e-03,-3.628549917843729850e-02
1.020278677551695636e-02,-2.927837585708104040e-02
5.385490881313918093e-02,4.049145066275573052e-02
5.386399928808272008e-02,4.050784792761952247e-02
-3.529286757959428783e-02,6.196589631168409815e-03
3.787141951109373929e-03,-3.109769342367750544e-02
6.795778450693385105e-03,-3.531313189575464168e-02
-2.149143186291951543e-02,-2.452157459218661309e-03
-3.682655473373140642e-02,3.573559960791648088e-02
4.395982144334997614e-03,-3.193159319229789406e-02
-3.510518192977517965e-02,6.133350987708509686e-03
6.671875204766340023e-03,-3.591542464740812152e-02
-3.512563174570305924e-02,6.200128756479334965e-03
-3.682955406641613694e-02,3.621809223599248284e-02
6.152251812550461885e-03,-3.651807334850768610e-02
-3.589238405615484406e-02,5.130823606143482263e-03
-3.684973784067446800e-02,3.624244459300754451e-02
5.382053719579864975e-02,4.050456559265050438e-02
-4.445163734871372327e-03,-1.238561742929072777e-02
3.686385605032040016e-03,-3.104635123897470442e-02
-2.273292742452127230e-02,2.629885617130879160e-03
-4.503802388704403192e-03,-1.222190752535137065e-02
-3.681958715329168574e-02,3.624973000416090163e-02
-3.687088278497466232e-02,3.627742491982496181e-02
6.458540686516435307e-03,-4.009567687096875221e-02
7.170676492637043965e-03,-3.843620569328552034e-02
7.874741476648062372e-03,-3.481533138751484457e-02
-5.515498114767943168e-03,-1.181437738369724502e-02
-4.455605576186080254e-03,-1.217434306257869463e-02
-3.682461067447218711e-02,3.663821588482809449e-02
-3.690259680430622857e-02,3.593063492729701991e-02
5.383412720744926161e-02,4.045950317531910728e-02
5.388905512554247740e-02,4.053110475210619512e-02
-3.197312050909886100e-02,1.002598468395121331e-02
1.381864419612957758e-02,-2.562039576461116672e-02
6.285229720882890524e-03,-3.361019671436375061e-02
-3.679886621228072724e-02,3.725471659021022813e-02
-4.851761771923995652e-03,-1.013559192581166800e-02
5.379577380062510600e-02,4.049701769173977978e-02
-2.852413493901700958e-02,2.655509540691294162e-03
2.501073657284097126e-02,-3.006598700917252273e-02
6.378971189171209720e-03,-3.534554864247262118e-02
-3.679318591321884685e-02,3.744853999548967277e-02
-3.973579576366935602e-03,-1.133728228582705187e-02
5.385176171798291417e-02,4.051378053135979568e-02
-3.481530507666982799e-02,1.732061914731645655e-02
1.461517662743469677e-02,-2.176946533564957237e-02
8.552832227941968915e-03,-3.364753808599203755e-02
-3.678880282728790724e-02,3.755233748740950672e-02
-5.858776854078633772e-03,-8.783802325110784057e-03
5.396445109510979166e-02,4.055123149954575207e-02
-4.123608657090863452e-03,-1.133774556546899778e-02
-4.448053614046456467e-03,-1.145912924689322133e-02
-3.891092238823793716e-03,-1.105544711093791460e-02
5.333319042918215763e-02,4.045278369621774228e-02
-3.680317087525637743e-02,3.700627523630028309e-02
-3.514024304233474838e-02,5.646681786849316355e-03
6.664503095169795228e-03,-3.414648959556896429e-02
-4.629065765701378087e-03,-1.030599978359139461e-02
-3.540497720717893787e-02,6.152646138202421192e-03
5.383122739474897889e-02,4.050320195953135971e-02
5.380755698059181552e-02,4.048621573911120181e-02
2.487867588158975199e-02,-1.987601257859337653e-02
3.384873063786490721e-02,-1.378830760260777236e-02
2.677080282495450728e-02,-2.291599739921511975e-02
5.380913652040111156e-02,4.051126426475459841e-02
-3.248222642478685446e-02,9.710465362338225118e-03
2.884822337106089998e-02,-2.322041202788385078e-02
5.152834253367429701e-03,-3.349389009800605305e-02
6.706470357751993794e-03,-3.612059861832016272e-02
6.903929656100427081e-03,-3.599027230867265365e-02
7.275833045248441926e-03,-3.547197093927775130e-02
-3.678802110567092054e-02,3.677046720168272026e-02
-3.683408347938003924e-02,3.669771237969765565e-02
-3.556420302859439331e-02,6.431074681587890460e-03
-4.881696431038471014e-03,-1.030464338102094271e-02
5.387615186509376458e-02,4.050293331312306705e-02
-5.391134775298674769e-03,-9.616935787096244151e-03
1.161089568869994038e-02,-3.182885256591305029e-02
3.178355552213893431e-02,-1.248569142723035715e-02
5.388758288277731984e-02,4.050610134931245665e-02
5.380458056833677116e-02,4.050698049886556490e-02
-3.076950403581681440e-02,7.382219931148670082e-03
6.358870239406282966e-03,-3.371884536245861597e-02
1.621674482703487977e-02,-3.116600823905846945e-02
-3.537173330763893064e-02,6.154297046715294373e-03
-3.684358581235850499e-02,3.666878460909291093e-02
4.973990579166163127e-03,-3.164707618833759173e-02
-3.530880011062649537e-02,6.008522699868339145e-03
7.602100468027072483e-03,-3.389429426021006025e-02
-3.515305666504876109e-02,5.769495592570918034e-03
-3.678685993824210715e-02,3.694216346523274130e-02
6.886960666580748194e-03,-3.660734499705441819e-02
-3.509241132934120405e-02,5.739718780774527920e-03
-3.684509091581727319e-02,3.618912252513056815e-02
5.379907642863245715e-02,4.048814533050890813e-02
-5.082920589904164031e-03,-1.045690396789105032e-02
6.884596611243575491e-03,-3.530018336391078232e-02
-3.499910375010098496e-02,5.460820844077823172e-03
-4.012640629801205588e-03,-1.152466463484265978e-02
-3.677266440112565704e-02,3.652795019540101135e-02
-3.678819736121561462e-02,3.660889706281011263e-02
2.130828638026153674e-02,-1.761213237024729025e-02
1.616305010518016144e-02,-2.912352022378290536e-02
1.740657061881191459e-02,-2.314988045583541570e-02
-5.762628007538393195e-03,-9.047398091280753687e-03
-3.870360822312466590e-03,-1.085070908608312852e-02
-3.678501562624286736e-02,3.610322172224275650e-02
-3.683343704842426819e-02,3.669893421937377859e-02
5.345202099432385529e-02,4.047044881138461836e-02
5.391793823370739230e-02,4.052982084503998356e-02
-3.391708682701705807e-02,1.157354964122257746e-02
8.067646046549976913e-03,-3.838427220704882653e-02
6.313139544314792621e-03,-3.391156079114540645e-02
-3.698279604775021878e-02,3.532127421756636743e-02
-4.108557798999849450e-03,-1.091379893874850314e-02
5.388159957281238310e-02,4.052609657417135386e-02
-3.405231996170821757e-02,1.327750494681279557e-02
7.806943190216921423e-03,-4.027985441984081871e-02
7.583649038702382043e-03,-3.900341510965731062e-02
-3.688137640157958946e-02,3.562243994794307700e-02
-4.423277818169039227e-03,-1.071269894826510152e-02
5.391041561898803763e-02,4.053769111484354509e-02
-3.400577672794818929e-02,1.252492856153331578e-02
9.128421943787752221e-03,-3.920635863867703158e-02
6.559231078479677186e-03,-3.590448636299397450e-02
-3.691968166392992079e-02,3.551847951546831944e-02
-3.511231356265654205e-03,-1.214911706916912623e-02
5.392854920000111213e-02,4.053183498006523305e-02
-4.373218786998990179e-03,-1.088051602557777234e-02
-4.384222392351246229e-03,-1.081968835807851741e-02
-4.496168785737355428e-03,-1.049363519344116875e-02
5.391357005976024630e-02,4.053313029501199455e-02
-3.680380994030116315e-02,3.523287395825080298e-02
-3.455717475101100639e-02,1.521506455179352617e-02
6.783768623756597504e-03,-3.406916182263961673e-02
-4.056390867450028470e-03,-1.094554161183565119e-02
-3.445696701480607110e-02,1.583001180279187611e-02
5.390307296306690032e-02,4.051638854033345893e-02
5.390401781101652329e-02,4.052544730988894700e-02
1.077240394238098038e-02,-3.577530034414508342e-02
8.017722176078380739e-03,-3.780415213017194326e-02
8.655571141981370162e-03,-3.783828808978900726e-02
5.396585002485185939e-02,4.055039993258450354e-02
-3.412587665001855924e-02,1.402048283310391476e-02
7.706171073573003100e-03,-3.810639299864136686e-02
7.569044593656006764e-03,-3.839753403059075615e-02
8.519290200997457069e-03,-3.088471636393597466e-02
7.872340879762029092e-03,-3.931337480284406716e-02
7.824815022879844442e-03,-3.534515967608301001e-02
-3.690325099301430822e-02,3.550903639245311244e-02
-3.685862193283236804e-02,3.549175356068191151e-02
-3.411037285243095213e-02,1.413427759828416071e-02
-5.010156944316793148e-03,-1.005233258654363894e-02
5.394311179390835764e-02,4.053447752118378294e-02
-4.331924361283977579e-03,-1.093749570696965143e-02
8.893815810675024733e-03,-3.842608571050729060e-02
9.088785221164142822e-03,-3.783342738353328433e-02
5.397268433476947597e-02,4.054305204252569433e-02
5.391839794178477502e-02,4.053858207096069921e-02
-3.434308947314631405e-02,1.555888514128239870e-02
7.321124774686222324e-03,-3.006038428564137763e-02
7.300226978020120557e-03,-4.160282480234003821e-02
-3.355112265591235488e-02,1.172300432833511992e-02
-3.686220109173659470e-02,3.566197056665546677e-02
6.207194545800974808e-03,-3.581606080677577492e-02
-3.427790373979376637e-02,1.291500568945658060e-02
7.363940129486412287e-03,-3.367726097882727671e-02
-3.421472324078434629e-02,1.435558951268174795e-02
-3.693357459075407440e-02,3.532371111056276103e-02
7.824243204361121598e-03,-3.377011821792787888e-02
-3.438165088579436118e-02,1.589286619502653861e-02
-3.691157376857893274e-02,3.567890085357612595e-02
5.394299905296245229e-02,4.053927205332582412e-02
-3.918410638541501567e-03,-1.104290118495572862e-02
7.120251500486130154e-03,-3.163096857237682885e-02
-3.401500105859533996e-02,1.358623598794267764e-02
-3.944277286394093709e-03,-1.127261323060674107e-02
-3.687634851588219437e-02,3.555630973898930847e-02
-3.708110456422031298e-02,3.480754086562094091e-02
1.098639160981486514e-02,-3.644457836038756532e-02
1.162546170163141282e-02,-2.938934627673005229e-02
7.751818137591750223e-03,-3.814311439561523381e-02
-4.357591815417271967e-03,-1.099968507497841447e-02
-3.980212050709298205e-03,-1.110988132418122207e-02
-3.689031878305187861e-02,3.559838579408128312e-02
-3.682924013933099733e-02,3.476941587592600330e-02
5.392353722031326124e-02,4.054038237433050390e-02
5.374498493387830367e-02,4.051178098014526774e-02
-3.499299590579806052e-02,5.659358913757074096e-03
9.122407624624954969e-03,-3.421418670327542461e-02
4.955183739656153323e-03,-3.452609307316357318e-02
-3.692192460597449460e-02,3.611040601353899399e-02
-5.358256157657421449e-03,-1.152508907451589744e-02
5.366069789284910740e-02,4.049449178653249243e-02
-3.234901233143236410e-02,2.810043863741825809e-03
2.130698687194814214e-02,-1.847795597965206163e-02
2.824692319704807508e-03,-3.019053233166914957e-02
-3.687973369417550662e-02,3.622130325163965686e-02
-5.974114616026492824e-03,-1.105929683107613644e-02
5.378373936418975876e-02,4.049810063261415766e-02
-3.509526087617068080e-02,4.288524654193314259e-03
1.207701602898952724e-02,-2.549070055251790104e-02
4.926723540423973841e-03,-3.231667084887744623e-02
-3.696228463398295444e-02,3.582617331846715131e-02
-5.092317986249362410e-03,-1.117762351615350994e-02
1.934501676117931362e-02,3.888928296754383396e-02
-1.130170120639332164e-02,-8.012309956728157212e-03
-4.530562757969796434e-03,-1.252480633684259666e-02
-5.359407090067656518e-03,-1.150412686478203064e-02
5.384038333554982264e-02,4.052258863638571323e-02
-3.689208773077783804e-02,3.614737560524763915e-02
-3.533649340896252711e-02,5.926901516889729847e-03
3.233626399214970838e-03,-2.935365713750835021e-02
-4.987636560993467111e-03,-1.233883743136840981e-02
-3.532132500805233027e-02,6.039143516700927125e-03
5.257594045426752100e-02,4.041766159835258332e-02
5.371307319295834382e-02,4.052421712957141736e-02
3.545752292658563287e-02,1.558529675760759970e-03
1.018378464762398523e-02,-3.655383262870992578e-02
2.638060327450981665e-02,-1.407138184866089242e-02
5.363642291688390518e-02,4.050231585982500687e-02
-3.575376254598926912e-02,5.307204986367278048e-03
6.956620671851901534e-03,-3.511569899451279925e-02
3.026940091884102856e-03,-2.844368808795054437e-02
2.264698646590136352e-03,-2.580991697182601768e-02
3.540286688491432830e-03,-2.850027065186991684e-02
3.945255282590902877e-03,-3.056148695308958524e-02
-3.700769316878173287e-02,3.557567737831140303e-02
-3.665582688174752468e-02,2.468250740893973560e-02
-3.512563742946502726e-02,5.751695034827244632e-03
-4.988111355218107466e-03,-1.170051099105210921e-02
5.313249463424483954e-02,4.045095675802563850e-02
-3.840755423854358679e-03,-1.212474617893010559e-02
1.959073495690140734e-02,-2.583123336334257683e-02
5.391714428029769496e-02,4.053344359322319512e-02
-3.513494088838193391e-02,5.738624230207371724e-03
4.440707751065195615e-03,-3.251148687527815467e-02
6.653341059021430220e-03,-3.837796410482270659e-02
-3.522424864349368162e-02,5.835893177685008183e-03
-3.999511367425684361e-02,2.726764378584576112e-02
4.710860075442240003e-03,-3.455260540439385186e-02
-3.527698143958959281e-02,5.901185687534704280e-03
4.048004265924899300e-03,-2.644779320608351900e-02
-3.518195095916313436e-02,5.911288884432893895e-03
-3.688961601654675015e-02,3.617076633800720559e-02
4.960793929415508764e-03,-3.368010301761861780e-02
-3.536099454575136747e-02,6.040007892473374732e-03
-3.690961538884623278e-02,3.604380932236796869e-02
5.366758807809620530e-02,4.045821446269144694e-02
-7.253329461244116885e-03,-1.036692002824505209e-02
5.181236315045585628e-03,-3.441003790419728398e-02
-3.533292245572677848e-02,5.938626162845598785e-03
-4.084161217847061785e-03,-1.243173598588703278e-02
-3.688916248697759331e-02,3.606322824464304466e-02
-3.706517770196449124e-02,3.492971749921006119e-02
5.021466035132558792e-03,-3.409115105382542338e-02
1.865911207260880986e-02,-2.553987594643234577e-02
-6.435912767813646226e-03,-1.076750121678925025e-02
-6.192844877282320873e-03,-1.077046467506399645e-02
-3.649996692935949388e-02,2.563512458323330759e-02
-3.688128410101133847e-02,3.622909736357398519e-02
5.386024338582018345e-02,4.050181954141705842e-02
5.387418278476577976e-02,4.053022600685993182e-02
-3.593851056175238062e-02,5.969171034091904325e-03
8.106762529259917138e-03,-3.584757825831676875e-02
2.988450426942612041e-03,-2.618804255579057147e-02
-3.670463475468614678e-02,2.856336959712858781e-02
-5.208590822730726350e-03,-9.458518985918819635e-03
5.385391700702361895e-02,4.051343628932455726e-02
-3.599710706445770347e-02,7.377245340718229828e-03
3.985610463770909370e-03,-3.182247263713530033e-02
3.526216630161589129e-03,-2.954905906148130521e-02
-3.684634987681016660e-02,3.644051574885323608e-02
-6.074761060631550698e-03,-8.282936315949777917e-03
5.388339598328022173e-02,4.048763726738759117e-02
-3.538568363549827317e-02,5.436484744571582449e-03
4.977118912483820268e-03,-2.999674693454668431e-02
1.507939659314317359e-03,-2.506863838449011062e-02
-3.683210641779435107e-02,3.624155922525639645e-02
-1.840528642796503134e-02,9.649539529815027300e-03
5.387393298867455826e-02,4.053019834735360760e-02
-4.784469728262886155e-03,-1.079100893280767262e-02
-3.817535491662317135e-03,-1.045481397864899201e-02
-4.641329043244338259e-03,-1.084159740288394985e-02
5.377129897495123295e-02,4.046224707990799668e-02
-3.686175169218434272e-02,3.627721892168633833e-02
-3.583977580790886908e-02,6.472702530789835144e-03
3.842790234109755461e-03,-3.066756106742943300e-02
-7.452392854030317343e-03,-6.098097193858557051e-03
-3.573817058287147991e-02,6.797056473178514704e-03
5.383945392157072490e-02,4.048807043508893810e-02
5.388330775507077508e-02,4.051712808210632816e-02
7.074298782974933718e-03,-3.986314806814831441e-02
8.339144196439142454e-03,-3.886429106554240009e-02
7.714605867572530556e-03,-4.081545040722318884e-02
5.371295721025402120e-02,4.046977991345390713e-02
-3.528192843890511771e-02,5.830672415192015602e-03
8.761248274235010694e-03,-4.017044253301740170e-02
5.228132109900934625e-03,-3.381725876963531663e-02
4.983486077494769795e-03,-3.309248918163587572e-02
3.170943504562033499e-03,-2.746922235460291795e-02
4.387480280219747605e-03,-3.187143923993678019e-02
-3.680105013123432384e-02,3.605264697635788412e-02
-3.669942647006804032e-02,3.474088585185641787e-02
-3.537986057272902995e-02,6.214707540519435504e-03
-5.095345478640442641e-03,-9.687064093926207528e-03
5.388614711778148825e-02,4.050724054672197316e-02
-1.215944166795105905e-02,7.629798450361582364e-04
7.046403170482207039e-03,-3.364604005685015858e-02
5.966428054732868594e-03,-3.217927366534133887e-02
5.386763663905472926e-02,4.050299124843504545e-02
5.387910830669472018e-02,4.048429746333052914e-02
-3.568822720799349341e-02,6.284120669310766343e-03
4.849485764340813465e-03,-3.316032362878558459e-02
5.789635002387407553e-03,-3.133087640913906347e-02
-3.556562926853915063e-02,7.297384368696216428e-03
-3.674180901485989831e-02,3.544261804463064158e-02
5.154047483455622032e-03,-3.280402263353270065e-02
-3.553200509394619649e-02,6.479696367661168070e-03
6.463979130409238869e-03,-3.676057964227524844e-02
-3.575140078689431622e-02,6.424307129655873472e-03
-3.680013682236724093e-02,3.637084097109674619e-02
3.444844261575523252e-04,-2.200575480078710566e-02
-3.577554534717358736e-02,6.555086828490707361e-03
-3.680104934811254114e-02,3.542865444241110467e-02
5.367088245082476256e-02,4.050383805473680571e-02
-4.110094353024316277e-03,-1.114497547877587105e-02
5.526960906171102597e-03,-3.341236582073559697e-02
-3.577168271728523030e-02,6.482513763531692376e-03
-4.824254059650638637e-03,-1.046697333027409201e-02
-3.678266899480484020e-02,3.503729245535262132e-02
-3.678007010176645442e-02,3.607044598224194709e-02
9.845867440396241510e-03,-3.668012361795994214e-02
9.114342479432976929e-03,-3.813163517440050498e-02
8.944537790701846680e-03,-3.922242753238067148e-02
-1.051376876429863626e-02,-1.574481061132667475e-03
-4.785667920666701255e-03,-1.031914478887759230e-02
-3.677857305874639160e-02,3.594980889030761906e-02
-3.677990177702597507e-02,3.569248035423774196e-02
5.377516272307054923e-02,4.046402243322730352e-02
