-1.990948191526615840e-01,1.268387426376520910e+00
1.629613354833646666e-01,-1.268947424973826621e+00
3.268160381444973894e-01,-8.239075360998426856e-01
7.042813911487824097e-01,1.480708308821825359e-01
-1.112259011679156862e+00,-5.216581027033997398e-01
4.923452839816598314e-01,3.686912063609753543e-01
-5.152478731166265646e-01,8.372280392792227355e-01
-1.132878553395442606e-01,-9.839346707061229491e-01
9.161730871221186456e-01,-4.804215830002827592e-01
9.978452900014552762e-01,1.815380351134118775e-01
-1.198158308045191411e+00,-5.080784398288955561e-01
1.895936018984359372e-01,-4.297280755945982467e-01
-3.205795769062531608e-01,9.722020920846838887e-01
-3.415303705223525499e-02,-9.548387242063929303e-01
1.155715044576012263e+00,-5.583682344108040763e-01
7.885559956554401007e-01,1.344104295753270062e-01
-1.022686298566974461e+00,-5.547394768736318982e-01
3.921457881888978925e-02,3.025291107571988908e-02
-3.836490214272283428e-01,1.302823362772690396e+00
8.676998338351366025e-02,1.383023306617425785e-02
1.386344074259245884e-01,-1.927531498815142075e-01
1.528087932971596286e-01,-1.007185422113218987e-01
-3.395309369612755090e-01,9.632326258748720171e-01
-1.174803275257657376e+00,-5.438436420881258559e-01
-2.505545700717025093e-01,-7.665992506151262376e-01
8.870087469431571225e-01,3.258995266356854437e-01
4.478801412821636907e-02,-1.773130186135447595e-01
-1.621751366122793636e-01,-7.948817561165720802e-01
-2.247033566375019609e-01,1.164874838112382793e+00
-3.100234065715395948e-02,1.137122908439421431e+00
4.461297544425764094e-01,-3.648778986168930150e-01
5.422100922459538452e-02,-6.263319706954039168e-01
-9.850733197423729159e-02,-8.282954989010122837e-01
-4.264083827712414898e-01,6.509146452104411784e-01
-3.026566553670702042e-01,-7.874599216577156113e-01
2.428534169826880862e-01,-8.612663404823561741e-01
8.796993947867560726e-01,-1.403921290963792146e-01
9.385916777873954953e-01,2.243871551741918879e-01
9.646097171946360627e-01,2.894900354905050044e-01
9.986124622344287882e-01,2.341434095358518874e-02
-1.330795366886579068e+00,-3.575350718031415909e-01
-7.146485892563195774e-01,-7.774759594339253344e-01
-2.885297986659661751e-01,-9.382658700688396580e-01
1.707982406241025930e-01,6.830097865934722789e-02
-2.665811609676342342e-01,8.974742009852003655e-01
2.315874264766329960e-01,6.079903427991194265e-02
8.037771748553720896e-02,-7.343926659366957210e-01
-5.041975403615675533e-02,-1.054939778096202874e+00
2.992414640384177815e-02,1.116457728250347614e+00
-2.177107605232170284e-02,1.342894200916021186e+00
-1.343519186857446979e-01,-1.105254434192842750e+00
6.882047834265845321e-01,9.943147435281163293e-02
1.095638355836230815e+00,-4.589829513579167797e-01
-2.446722297510885435e-01,-1.220154300449299178e+00
-2.827575751746774779e-01,-9.710975482492392175e-01
9.881216381962238948e-01,1.161586614962875075e-01
-2.838510483120426087e-01,-8.075095017720295143e-01
9.094437227807669055e-01,-1.793122719196470483e-01
-1.495459462370099246e-01,-1.336707097994481952e+00
-1.040050455100402393e+00,-7.816844280731833905e-01
9.738676353641575467e-01,1.852826165831679139e-01
-8.780501590032696591e-02,-1.104476641852808028e+00
-1.237817754696614703e+00,-5.730514924983254321e-01
-3.684545039988181836e-01,8.684780439214510039e-01
2.384031566327005081e-01,8.045829079926652971e-03
7.622342816555404132e-01,-4.210345492717660898e-01
-1.713247016726681671e-01,-7.245495410809853487e-01
2.210954791812737019e-01,-3.639308886657152686e-02
-6.842946789730399715e-01,-3.621316494270071518e-01
-7.777761168646621925e-01,-3.598172120367635896e-01
9.952456427509471792e-01,-7.884136192079500560e-01
2.755036660872128840e-01,-4.821331361070851362e-01
6.481968794392584110e-01,-2.302327756052127139e-01
3.647736112299352351e-01,-2.792634809943252971e-01
2.709669806175225015e-01,1.321617154784156534e-01
-6.899180058220549805e-01,-9.426785313920922338e-01
-1.145017089099567231e+00,-5.228680541161463413e-01
-3.352244089453363940e-01,9.564689486318513900e-01
-1.850615160269635240e-01,1.222390137195656479e+00
-3.634340600918756214e-01,-1.011714273554815691e-01
1.072348887174515486e+00,-4.573159734504917417e-01
7.149990898105582637e-01,-4.642663234281696472e-02
-8.726575969332026617e-01,-1.161987349947925185e+00
2.300730268115268595e-01,-1.967457150731704851e-01
-4.839484132424659024e-01,1.114091841274741590e+00
-3.806564943831636239e-01,-6.713019004265534662e-01
9.994523364450744740e-01,-3.885568272076314611e-01
1.008464505955197321e+00,3.347659017842641305e-01
-8.032822720332213340e-01,-1.001887267480548349e+00
5.187161581751846828e-01,-4.859119756145102165e-01
-1.824117409015942326e-01,9.868729645674653161e-01
-1.947041048202107771e-01,-4.586866034625238786e-01
8.322178378400473253e-01,-6.016613324218280656e-01
6.268578506718383014e-01,-1.107980825078280773e-02
-9.178897554856435548e-01,-1.081254052666518861e+00
6.218645690641733115e-03,2.338721332877462533e-01
-4.940098157764234998e-01,1.195274676482366072e+00
2.000164160909481126e-01,-4.377869310849056284e-01
1.025374529792946743e-01,-7.460078620589588594e-02
2.182868183691414332e-01,-1.069936732805343849e-01
-4.286743962888018844e-01,1.251210981639911068e+00
-7.339619581363341361e-01,-1.055435266574723308e+00
-3.112184897910440506e-01,-5.453327998694316170e-01
8.755427290089695669e-01,-1.338181170930274888e-02
2.350938071663498663e-01,-3.451356613480949243e-03
-4.958002805445509420e-01,-1.799960667573683726e-01
-1.529841043401808376e-01,1.266792118785616372e+00
-3.284480400313442572e-01,5.826913273598018916e-01
1.101327041683352492e+00,-4.613610959895213526e-01
1.134812385621021491e+00,-4.952119174037485916e-01
7.081061538770749841e-01,-4.000229638027024137e-01
-5.374125868549468610e-01,8.696649324485523636e-01
-3.471309791081095275e-01,-7.780315110951456781e-01
8.743619431419326071e-01,-5.531543920028916261e-01
8.009822064056764113e-01,4.232262550638215548e-01
7.808559543227472366e-01,1.058699510648805631e-01
5.636545996198109032e-01,4.636617796306626849e-01
8.601465262304810455e-01,1.957216962959016926e-01
-8.801481221132347876e-01,-1.127907636891685828e+00
-6.904550788155278118e-01,-1.070138178346160096e+00
-3.624375596462967586e-01,-8.539739992894292975e-01
2.676814709649539825e-01,-2.376488963663272724e-01
-3.420320085412870692e-01,1.218232548287371264e+00
1.309799241990046159e-01,1.944186917934374037e-01
7.306043404633217886e-01,-3.717706342997246782e-01
9.835353744904334894e-01,-5.918804159542754295e-01
-7.900789806652148695e-01,6.941705425086257542e-01
-3.901165590001587358e-01,6.837683452007046192e-01
-3.612766599081032037e-01,-6.775208828803660488e-01
7.664248627415244375e-01,1.066860594189315004e-01
9.675493767146383650e-01,-4.525770355483045848e-01
1.438818640746843125e-02,-8.052772340389802164e-01
6.909804830295021016e-01,-1.390022488688402724e-02
-2.494466953041598878e-01,-3.187908506407586273e-01
8.346067106774354150e-01,2.183372588292942229e-02
-6.483110255403520816e-02,-1.052083632803166413e+00
-9.557344127657343424e-01,-1.127587270171626077e+00
6.097577555168978147e-01,4.930907957881824899e-02
-3.460759998551480310e-01,-8.929715297533795670e-01
-1.027989748736119147e+00,-1.221270670230037325e+00
-2.281622116364355746e-01,1.420046477680892316e+00
3.771965160796340588e-01,-7.250290024822547696e-02
6.780375615838758474e-01,-2.431645882260974334e-02
-4.546901330187822499e-01,-1.002837730957785389e+00
1.242911878636691059e-01,-1.210732225018649466e-01
-6.963763533177864673e-01,-1.141149558431114874e+00
-9.233977628034061302e-01,-1.366364127892196523e+00
7.398055777788938858e-01,-1.947648780461618268e-01
7.907089066666599386e-01,-7.092946750943340817e-02
8.592997108553166452e-01,-6.041109831675242070e-01
1.378542954827240985e-01,-1.762784779534381507e-01
1.716809482023589628e-01,-2.265989779017475447e-01
-7.782316855360550401e-01,-1.125645347047219857e+00
-8.816666273817728161e-01,-1.124505555473441776e+00
-4.279922206520380690e-01,1.130921064006074062e+00
-3.613234570355643438e-01,1.039807824349805676e+00
2.294542215661787010e-01,-1.011384140018809941e+00
1.184425041633072162e+00,-3.600465774193166713e-01
8.875887067792980201e-01,2.409420748735487672e-01
-8.551054530690480604e-01,-4.393914827867976269e-01
3.718508305696022753e-01,4.942068507041522674e-01
-2.343414219022316725e-01,1.239901075192784141e+00
-1.253936787635290262e-01,-1.234204318253645738e+00
1.223135588871136825e+00,-4.828265253665640633e-01
7.402331783349853644e-01,6.134358285804786259e-02
-1.085626928420849291e+00,-6.724133019989255722e-01
6.099111852721254001e-01,-2.816553354077512838e-01
-8.312526424870464448e-02,1.188078250518195489e+00
-1.945754362657276526e-01,-1.149963799267428755e+00
1.229760333963047181e+00,-2.255847012320635614e-01
8.302155817225478351e-01,2.092329264951518220e-01
-8.754212150860529729e-01,-3.793244762095395184e-01
3.127788096556420872e-01,1.894381927954147393e-01
-2.966297782462175014e-01,1.093211744567760713e+00
2.478414921356951739e-01,3.434533696898121602e-01
2.711228568778578096e-01,5.018126641680950017e-01
3.409204265100225784e-01,4.410257967856619499e-01
1.000739175338993814e-02,1.145140494210365567e+00
-1.244665211009968520e+00,-4.927827952345317231e-01
1.438833548005614416e-01,-1.082785808207707312e+00
1.002092254729826548e+00,2.316580857652318914e-01
3.828387363206878780e-01,1.336967975671125852e-01
3.330156862761659564e-01,-1.300807961866212281e+00
-5.293920324259504540e-02,1.116145178239517310e+00
-8.167607303571627897e-02,1.358541349621922523e+00
1.155309957017990552e+00,-6.874007958343408831e-02
1.066088278954368640e+00,-5.972037570732550982e-02
1.179755034292404359e+00,-4.581349266006019549e-01
-2.129361365778081883e-02,1.302360854102875720e+00
-2.572899753364420450e-01,-9.537035538814089275e-01
1.339478626084715795e+00,-2.960766908869013614e-01
9.254352871840680894e-01,-4.004131518422104907e-02
9.024352488933324867e-01,2.423665632172214424e-01
8.699952576223135559e-01,2.778346182464288550e-01
8.616515043973675958e-01,1.758160726185377387e-01
-1.230245590174793957e+00,-3.434160611308212929e-01
-9.706425683721671138e-01,-2.389412645231816235e-01
1.790668835728793096e-01,-1.040586673083604641e+00
-1.271394074487517956e-01,3.991484175363516074e-02
-1.547532804739207291e-01,1.163764722111670036e+00
2.007810189447264138e-01,1.707477477713192360e-01
1.358662193477123914e+00,-2.701636853409191130e-01
1.277919052227725283e+00,-9.660370603819294633e-03
-3.131327113957677599e-01,1.191776405397756866e+00
-2.969506551922906912e-02,1.140413752354747068e+00
1.045635508775834138e-01,-1.292411889731938990e+00
9.033165745942095537e-01,1.725079790105941147e-01
1.270064850177959226e+00,2.187465471370084874e-02
1.497273995584175732e-01,-1.321623858973042687e+00
-1.097127354286056677e+00,-5.899815898118119240e-01
9.341713919664957899e-01,2.288250928125884487e-01
1.401801244279361758e-01,-1.225497194741145934e+00
8.502622202501434190e-01,-9.421309569612373869e-03
3.922942740689402963e-01,-1.193684275280208595e+00
-1.419742541002010361e+00,-3.485834275432810325e-01
6.992668041746619156e-01,9.244139888389885096e-02
3.329201933750656206e-01,-1.247703082034816724e+00
-8.245577337645568772e-01,-5.559525503185346329e-01
-1.398249656375109007e-01,1.070180034252783186e+00
2.465005398349089660e-01,4.075877085343576067e-01
8.414601295267732928e-01,3.053966319206211644e-01
-9.461288255607325226e-02,-6.159611786763128372e-01
2.408160980192627365e-01,1.180905354671629992e-01
-1.310353413298640080e+00,-1.233498025938181974e-01
-1.181859124321840593e+00,-5.392892771166788446e-01
1.052944206734421906e+00,-2.677342399036030107e-01
1.281190786023945094e+00,-1.805113216784277608e-01
1.274926415760753162e+00,-6.575300623324467075e-01
3.783412257546789337e-01,3.771966361678802393e-01
4.134669704920568289e-01,-2.527416295316035066e-01
-1.229372958553823336e+00,-3.619030696828482996e-01
-1.233571997564295142e+00,-5.979085733822186999e-01
-5.868664110250160215e-02,1.313297183338633323e+00
8.685159291400901260e-01,1.288173400876868047e-01
1.937091949662667067e-02,1.334189479044227689e+00
-5.569561143201204323e-02,-2.216475216065721954e-01
1.242084933293452709e+00,-7.008759415412975091e-01
7.899791175969533841e-01,3.895170940730262599e-01
-7.619596786219781093e-01,-7.519196280208800820e-01
4.824023429735688762e-01,1.218619397393876647e-01
-2.847676621791406237e-01,1.401476454735893329e+00
-5.404528710066275332e-03,-8.188886565219257729e-01
9.941232170870375473e-01,-2.412101796626097139e-01
8.257406267991875826e-01,4.611475666124699169e-01
-6.637171939251709230e-01,-9.348102312435252470e-01
2.505517192657892300e-01,3.427757414810980729e-02
-2.626020563459943169e-01,1.279804338518797824e+00
-2.206233983031308243e-01,-8.264747328398787118e-01
9.075035565597600051e-01,-5.707200546837875033e-01
4.403288896277156583e-01,6.546302094854448139e-01
-9.534978173888901676e-01,-1.001248755562610393e+00
2.089904108290913110e-01,6.898680031772297383e-02
-4.903201202093093181e-01,1.039296513786483800e+00
5.813191657760339304e-01,2.584778973294047932e-01
2.936585523311070478e-01,2.743954384434838523e-01
4.334296596314788919e-01,5.718821004315906009e-01
-2.432385933250228449e-01,1.220965267449023228e+00
-9.195548811132213674e-01,-6.615335094989819309e-01
-2.114559861000933627e-01,-5.861172678197476005e-01
9.159596714375480841e-01,3.505861528859116061e-01
2.665752120330394659e-01,9.463805575253239621e-02
6.232044294500447418e-02,-7.607016806045621138e-01
-2.315943117383763572e-01,1.332929474523774527e+00
-3.182286333952645818e-01,1.116425063654268968e+00
1.191878771446909679e+00,-4.163030311933167416e-01
9.584042123666951518e-01,-4.958356624225466192e-01
1.035881078227538499e+00,-3.323396478793370079e-01
-9.721026345306377214e-02,1.415292337586262494e+00
7.711997915831358963e-01,-6.529271341547173702e-01
9.429536932490988344e-01,1.572387073823788839e-03
5.820490953149615176e-01,2.446733974681113699e-01
6.183939502258811727e-01,3.371075263016143353e-01
5.895071627994650232e-01,4.453930085416762941e-01
6.480649181386011204e-01,3.183870193703574047e-01
-9.995679735779083863e-01,-7.900134391734949801e-01
-7.978066624390964812e-01,-9.902103761702449880e-01
5.490014119483012378e-02,-9.026179612156466359e-01
-1.411438888089090044e-02,3.718536396424703128e-01
-2.727945777347220990e-01,1.168919595785211651e+00
2.821140005988590493e-01,3.022229645327150216e-01
1.169994205511182717e+00,-6.891477724707384400e-01
1.019137845994669167e+00,-5.975395532385525676e-01
-2.532172858624596734e-01,1.335787403582551880e+00
3.272937294390321217e-02,1.202585008596734006e+00
-4.459435226078947712e-02,-1.027336040350711244e+00
6.254869533543756521e-01,3.367202763949440625e-01
8.918938718067530580e-01,-3.675250733077358167e-01
-1.748718327507564063e-01,-1.054354150829154957e+00
-1.018308372722900312e+00,-5.859854290183443837e-01
7.063811783555598023e-01,3.137912044214581364e-01
2.887883652053190031e-02,-9.321659263166692799e-01
9.424630653878642850e-01,-2.260748264768511206e-02
1.250456634144072043e-01,-8.358751990933369624e-01
-9.415832983758943842e-01,-6.729672346411288419e-01
7.488224534934986298e-01,6.734032009061491353e-02
9.743501907915561033e-02,-7.210374352153635646e-01
-8.656838970266641509e-01,-8.087008068982974862e-01
-1.633882611544738295e-01,1.053918843155501328e+00
1.975867697516064669e-01,1.904228675236763202e-02
5.303499482488507333e-01,3.596502481392359618e-01
-1.848082023163759025e-01,-6.304507474571741099e-01
3.552234468139203738e-01,1.267537942011857099e-01
-8.103970741045785076e-01,-7.469990201422008758e-01
-1.025675588012493700e+00,-9.205896046211946571e-01
1.046102125474032807e+00,-5.112636109481814017e-01
1.163414997723540401e+00,-5.063888691272634412e-01
3.271732613408273038e-01,-6.518888050682136726e-01
2.226884560236636057e-01,2.452423910576692623e-03
7.660089237336925594e-02,1.490827417796647958e-01
-1.042514717317041262e+00,-7.851390718282761361e-01
-6.189747048598113199e-01,-9.895241651938688765e-01
-2.210592079739148175e-01,1.277645479947405960e+00
-1.367150174652101424e-01,1.275078278831743850e+00
1.103577864705591161e+00,-7.971317637745549689e-01
6.384341613404751481e-01,-4.283367494972891709e-01
6.173526974925822586e-01,4.585959847055322003e-01
-6.635305842232515072e-01,-6.294931368552119100e-01
-1.014622086178885441e-01,4.461813306735860629e-01
-1.458882690707455354e-01,1.043235583186097326e+00
9.788074366596410947e-01,-5.912780832566475464e-01
9.839038649036714324e-01,-5.091195386678011303e-01
7.709841199917635279e-01,2.687162181304460495e-01
-3.938505160864431143e-01,-5.104595039618404773e-01
2.557459051880622836e-01,7.050145439941251091e-01
-1.119063493007695642e-01,1.225647668990256456e+00
9.636855265690572603e-01,-7.817008470511496165e-01
9.411532307019976340e-01,-3.409691490357519283e-01
7.819239919526770333e-01,3.853671635699906783e-02
-8.680457433566455272e-01,-5.225492882043227816e-01
1.742493116076512527e-01,6.203798975120422554e-01
-2.234564768115262501e-01,1.255793379076156846e+00
2.090775013307708541e-01,3.418197832118993196e-01
1.713274737056127428e-01,6.400287183610988695e-01
9.419237230022264873e-02,6.949905199649916154e-01
1.875669721704165127e-02,1.268336125193804786e+00
-8.258220345253348693e-01,-5.343558962828109937e-01
8.032220363331603608e-01,-7.546398691701496908e-01
9.493565017346867752e-01,1.837103408306809404e-01
2.235865378308553031e-01,6.100758331889918340e-01
5.922627697140179226e-01,-6.267047988040781448e-01
-5.810595777497895575e-02,1.113978330623277557e+00
-7.568299447767562471e-02,1.509117434420539805e+00
9.732071316635262370e-01,-5.592765908263672703e-01
1.004338631978347163e+00,-5.054534393544377613e-01
1.030244196743926199e+00,-2.982458564636625842e-01
-3.793277192255180563e-01,1.015446439989193150e+00
6.888972823420540514e-01,-7.443629727182802247e-01
9.834440797624759423e-01,-5.013384429905622941e-01
7.782432178982807702e-01,2.256796278488525376e-01
7.958790021307960982e-01,4.626622093827025828e-01
5.928988581994828477e-01,2.147316976616355233e-01
5.974500606922845680e-01,1.650513575970110058e-01
-1.139264379162936880e+00,-5.696358154410910979e-01
-4.913406561006754547e-01,-7.046886908248262138e-01
5.946783583150061503e-01,-6.353212415716806838e-01
9.641426744120026870e-02,2.758473200826141447e-01
-1.197847240203962077e-01,9.154821210697312583e-01
9.409766115937379105e-02,6.485308756877274927e-01
1.060234511594419171e+00,-3.727836594390722680e-01
1.160179205535623481e+00,-3.820017780696707832e-01
-2.163232100804829416e-02,1.085876619806815269e+00
-7.677950413181416911e-02,1.029693691781002451e+00
7.779815061125433528e-01,-7.638691963237793647e-01
8.827828415734035872e-01,9.212523280382933777e-02
1.030265639834964109e+00,-4.035613696853979082e-01
8.228861288120183914e-01,-7.151903576002016649e-01
-5.899274005027224099e-01,-5.424423116073515683e-01
6.415594037680567574e-01,-4.103698192039692549e-02
6.564503124668688017e-01,-5.458600195452579795e-01
5.051997625946357262e-01,1.099750318056759157e-01
1.149881339168825622e+00,-9.172284596049409267e-01
-9.035540943675166581e-01,-4.256888977703546240e-01
8.849792165354803952e-01,2.330036698573035026e-01
3.200552092337737853e-01,-8.842886459352705675e-01
-8.438873999303642126e-01,-4.135533970638624046e-01
-1.191466377021802026e-01,1.070095415267007688e+00
1.296121310178811603e-01,5.942281493360033195e-01
8.494015321182624145e-01,3.072539391990161128e-01
9.096579601522953862e-01,-8.510836647612193273e-01
2.191536452487523046e-01,2.876957618431476571e-01
-8.112061450065085610e-01,-3.428188605727172100e-01
-1.136920401930746172e+00,-5.139717261635258216e-01
1.192247543472112037e+00,-7.744697711329262546e-01
1.434158577707177251e+00,-4.544377478766195022e-01
1.037188464422261092e+00,-4.924672142246509510e-01
-2.227735903475597801e-01,4.623276152428382191e-01
1.358067920706037546e-01,6.051485139411831859e-01
-5.322478179476936022e-01,-3.963084997001773968e-01
-6.153320487518160187e-01,-3.808443935088756671e-01
-2.205536050874722376e-01,1.322880269404599352e+00
-3.700636881092248531e-01,1.256033548257821764e+00
5.518608830215998573e-02,-1.127188904008409764e+00
1.066298615958357399e+00,2.073664371328075295e-03
7.421181417973427008e-01,1.127301949995051511e-01
-1.107017569009233426e+00,-1.119353834144013904e+00
-2.764133006923302771e-02,2.721672105545209774e-01
-2.658341138193952014e-01,8.865086860228654775e-01
1.033258669819371312e-01,-8.347456040493062002e-01
1.035152684727228101e+00,-1.154365223607237145e-02
7.570376168436050435e-01,5.348363009305270310e-01
-1.295811508251391908e+00,-1.209867030861262460e+00
1.275283396958550308e-01,1.754981480391512583e-01
-5.808078619059324765e-01,1.192941871010896548e+00
-2.302748199717652433e-03,-7.225503845478301601e-01
1.122665530489687313e+00,-1.976225864911191482e-02
7.452336948687747764e-01,8.051711572939751482e-02
-1.076113229239968661e+00,-7.048396067013993349e-01
2.030904774980787364e-01,1.348871153019862712e-01
-2.806203887130983565e-01,1.042973256998600329e+00
-6.546772218582264102e-01,-7.946391480043821232e-02
-3.721610982552164826e-02,-2.683383473257449081e-01
-4.456681596620509778e-02,-4.569511537292737791e-02
-2.275998643334641858e-01,1.392711487847471119e+00
-9.392887570645134243e-01,-8.342984881073307601e-01
3.969820372666729713e-02,-9.228950989062160160e-01
3.825454000739041960e-01,4.049853012915669570e-01
9.254295357476444162e-02,-5.471503603930683024e-02
3.403014959727909683e-02,-9.304214087976308001e-01
-3.271250068102958264e-01,1.203268691731207651e+00
2.407595510299964658e-02,1.080468616965773565e+00
9.314050149926870192e-01,-1.075845944977061874e-01
9.097960219219385358e-01,-1.770068771206911307e-01
8.771836779808600548e-01,-2.376774591621672594e-01
-7.995529233603160257e-01,2.720548186472033780e-01
3.346796652833587959e-01,-1.198936981404285840e+00
7.152571307272714840e-01,-8.003537692484691268e-02
8.527394655908298038e-01,6.103930204561950346e-01
8.760028411738551846e-01,3.119296974509886966e-01
8.629384823452088682e-01,4.876965746031439175e-01
9.263106396628451034e-01,1.506819366557432538e-01
-9.412394577641829407e-01,-4.254923773237811457e-01
-1.061764098945451318e+00,-1.037866109455471975e+00
-1.021807680861158418e-01,-7.322432988886478089e-01
-2.586557524336936531e-01,1.492063759050054061e-01
-4.954420659222320555e-01,9.815036354818935660e-01
-2.507857673548827271e-01,6.875469792865376850e-02
8.656691774122123872e-01,-9.912720850229890523e-02
9.113013609134072990e-01,-1.900824467856370159e-01
-3.452168548094349254e-01,1.149003210854095069e+00
-2.511638290847804100e-01,1.283774137991901210e+00
2.051599777379836120e-01,-1.212132591268389792e+00
7.891711325919725795e-01,4.894438647319081515e-01
9.978464856008797401e-01,2.361241036974531249e-01
1.657398910084157129e-01,-4.191686186510600320e-01
-1.221046061598325183e+00,-9.468923250075420572e-01
9.255237718875422015e-01,4.417027233155180199e-01
-1.595362309249670485e-03,-6.502144401086109582e-01
4.378129839697773029e-01,-7.625502291112157272e-02
-9.759291328980976288e-02,-8.118046982900888331e-01
-7.832304220138964768e-01,-4.694587531046046092e-01
6.032772163622386330e-01,8.477382355972030992e-02
-1.539921060590320467e-01,-7.879316312396158484e-01
-3.369786311937922330e-01,-4.343277458838744609e-01
-2.502149581307460680e-01,1.161895768182886979e+00
2.591410092736150528e-01,3.248692296154404024e-01
8.217663115599297408e-01,-1.183135506413828253e-01
5.142944270926708139e-02,-9.180906015225103189e-01
3.072747946475957725e-01,-8.462918523462549525e-02
-7.154499068159916320e-01,-3.220594837411270284e-01
-6.231202459519298298e-01,-5.499695570305687120e-01
1.129088550820217973e+00,-9.020265551071163235e-02
1.115800701013603291e+00,6.550925958352323691e-03
1.088025234580095368e+00,-1.801470233643596153e-01
-4.502339396081078693e-03,-1.088511272222374981e-01
4.252670260267304991e-02,2.076778572633490860e-01
-1.102091419955047336e+00,-3.647176859717221609e-01
-5.416861887246255947e-01,-4.754057273572003806e-01
-1.836840381779091813e-01,1.020818338789224899e+00
-5.787438651750487217e-02,1.063306556398287084e+00
4.785584805281064003e-01,-1.243763928595071233e+00
1.117274374568444806e+00,-4.581765895780416376e-01
3.298479016451491552e-01,1.575962095894859472e-01
-8.467213277383820458e-01,-3.434979926893102498e-01
3.689879988506850061e-01,-4.973829890502207696e-01
-2.645639669056064069e-01,1.459047874964739977e+00
5.467563782786645232e-01,-1.016410073598022379e+00
1.301649928262080147e+00,-5.999315985974589260e-01
8.146534549240104228e-01,1.518814006982787124e-01
-1.078761585360019648e+00,-8.127896724695247155e-01
3.504764684596877733e-01,-2.925012924016628935e-02
-1.248158057475511895e-01,1.099202117113551092e+00
2.838671125328351974e-01,-1.256810450203386109e+00
1.165173349438304307e+00,-2.250337218556884011e-01
7.788718017990512443e-01,2.260903665640724980e-01
-1.027262754258584154e+00,-3.934319458728489094e-01
3.333474642859916015e-01,-1.143879513300813666e-01
-2.277107028327280958e-01,1.247162765734643131e+00
6.982815247828191296e-01,-4.834595406200313250e-01
1.276573137401952884e-01,-2.974482106861261466e-01
4.985600021431472184e-01,-6.320415144855454637e-01
-2.440004470345483178e-01,1.274947050132359649e+00
-1.366370299071777872e+00,-6.561850191369011931e-01
-1.207108325080121780e-01,-7.329058167602233720e-01
8.549829403006530271e-01,2.067817187193729533e-01
3.771427832577297079e-01,-3.429541792587921245e-01
1.901113167835719320e-01,-9.369108620953399136e-01
-3.256881502466483225e-01,9.330514900265027833e-01
-3.829170073256987772e-01,9.759510126442461075e-01
1.098066750954979964e+00,-5.156521699371957590e-01
7.573071635855646022e-01,1.888989372458841354e-01
1.065529436279743614e+00,-1.708112809417767219e-01
-4.394666695831876968e-01,1.092310655832528177e+00
7.848575192299420689e-01,-6.245794075945327872e-01
1.039994593234509379e+00,-5.077374273091175283e-01
7.467842264016415488e-01,-1.529308979617087783e-01
7.159857020753721546e-01,-2.636315840472158722e-02
7.634838634167426807e-01,2.501010272526443257e-01
7.662533963151491045e-01,-1.230537771754749432e-01
-1.270819028367268011e+00,-7.179477544399632816e-01
-1.039675921764696254e+00,-6.276163626502906379e-01
2.746846299852565565e-01,-1.026456687686015057e+00
4.223472582175135659e-01,-1.951858229656994737e-01
-4.067716537718761849e-01,1.093296979136484826e+00
3.419282652968336222e-01,-3.602489679007901402e-01
9.735523961141090421e-01,-2.411482307169897088e-01
1.033452556683918333e+00,-2.454323223262380727e-01
-6.857576731228172129e-01,7.347128530271328506e-01
-6.545016995175928498e-02,1.213888656945037781e+00
2.116191165139449104e-01,-7.713117871055127361e-01
9.843458480207158967e-01,2.112175036521200533e-01
8.765735223588948521e-01,-4.806465147780836222e-01
1.341371279366987967e-01,-9.192503233852895583e-01
-1.384603338208921119e+00,-2.246868388687854046e-01
9.576718164345265905e-01,1.132812633412709213e-01
1.845128682943474874e-01,-1.166954493898408218e+00
8.396211455717863537e-01,1.130003297957983821e-01
3.119204881857687850e-01,-1.099417286509565717e+00
-1.033820047980505086e+00,-6.789367514056252606e-01
7.362743502869075751e-01,1.830042557533595737e-01
3.239063961423799265e-01,-1.227603295728499688e+00
-1.061178849448243922e+00,-2.548402971178337917e-01
-1.423846692758168331e-01,1.262345524098083427e+00
5.171337745989238455e-01,-2.676631356256404803e-01
8.250039672325193418e-01,1.181849966167285437e-01
8.761082601666350667e-02,-1.183262682988366121e+00
2.458485991852233932e-01,-1.488488852778351301e-01
-1.088576004791662388e+00,-6.599813920929440414e-01
-1.111363980099676851e+00,-9.041010487187721711e-01
9.376136320148327208e-01,-2.591650218547673079e-01
3.662195362790556241e-01,-2.096185501769511350e-01
1.013993638964914457e+00,-5.518790024267886118e-02
4.934358378164398484e-01,-2.902208696542735722e-01
3.849659836937305291e-01,-2.365419700228413302e-01
-1.180670758265574438e+00,-4.691984468154579702e-01
-1.260000905956139672e+00,-2.902250927240713207e-01
-5.402645348191004171e-01,9.706312244379277088e-01
7.862564417788010518e-01,-7.142576056377140103e-01
1.280871678350822940e+00,-6.296094698289957936e-01
8.135021536517412777e-01,4.110499075900131416e-01
-1.503546821910786813e+00,-3.822014142304387962e-01
3.815071823984133026e-01,2.668372520034860695e-01
-3.038356395247465702e-02,1.325255041373987197e+00
9.103556870339254425e-01,-8.258385883425078955e-01
1.030319903410451099e+00,-2.563589740274960227e-01
6.529354577882664490e-01,3.437638031577806563e-01
-1.630833602218663803e+00,-4.290439449532974514e-01
3.619454579819709750e-01,4.620011194335607030e-01
1.334686754977310041e-02,1.285152470554765225e+00
4.843271805717275225e-01,-7.788757476324114082e-01
1.303119123163170467e+00,-6.917520637348767432e-01
7.405100315748039952e-01,2.423126576356226802e-01
-1.225827455920416309e+00,-4.113162114619077769e-01
6.031917588876555270e-01,3.793538452829796626e-01
-1.843869124484073807e-01,1.280106562060008502e+00
4.257623910276155388e-01,5.710138581622780096e-01
4.166100975497966097e-01,5.258435269177674787e-01
4.517989240379874927e-01,4.460995329215551308e-01
-9.664397324203866102e-02,1.284490885654091086e+00
-1.076016193073871419e+00,-3.557356787776321250e-01
1.167960528641432738e+00,-5.338011756348468584e-01
5.564836993613730964e-01,1.088910163582739454e-01
5.642158731590414256e-01,4.965313607446095734e-01
9.772723169709008895e-01,-4.020116759827205288e-01
1.255025085472261548e+00,-8.076285616520687549e-01
1.159229842385967935e+00,-5.190769546162032899e-01
-4.390423204123966583e-02,1.253562832705329200e+00
7.864740073532894282e-01,-5.935956534669402096e-01
1.238329118448863841e+00,-6.544970403297019068e-01
8.771789338368676248e-01,1.511125024447265153e-01
6.296343561993238414e-01,3.631508641626831624e-01
6.846224908546821863e-01,4.564405034562876162e-01
8.447024951783664859e-01,5.406230447963176200e-01
-9.247113274840743635e-01,-4.125230436930227285e-01
-1.115316977066693527e+00,-6.407619478740926855e-01
1.171954105051235651e+00,-6.589461779996941271e-01
4.866853533018017375e-01,4.296816965957880874e-01
8.348968200568523956e-02,1.341395767228552138e+00
4.354372679426858905e-01,5.809642090119931934e-01
1.103481994632670382e+00,-2.843869872941683363e-01
1.226667887647818311e+00,-6.713166464313871096e-01
2.418467157307774285e-02,1.030053086729263434e+00
3.480387096570181082e-02,1.250819499849196825e+00
1.004976485011467302e+00,-6.610925633644475496e-01
5.485545078611550052e-01,5.281887704513426041e-01
1.340798786814639598e+00,-6.932398241868409361e-01
7.302982472738168696e-01,-7.755233650694747238e-01
-1.097077719513785965e+00,8.503721088311877452e-02
8.502456956159845092e-01,4.070597347320099035e-01
1.009327043929726830e+00,-7.181835934383502540e-01
5.076693857883080030e-01,5.593485580470648477e-01
9.657638998985054180e-01,-7.084337406061168574e-01
-1.025907773804202394e+00,-3.483319464555965084e-01
6.356294396338166841e-01,1.672138720363391950e-01
1.127836373937845416e+00,-5.959742037416029259e-01
-1.303495884262652060e+00,-7.651372072431330551e-01
-1.282796430562668233e-01,1.351258816512952432e+00
3.720057563589690419e-01,2.687321743136247276e-01
6.903741032582744186e-01,5.009545396170032028e-01
8.286771269799690920e-01,-5.867761161017924776e-01
3.884387890330621707e-01,4.977458451530107908e-01
-1.417072536873329902e+00,-4.939955283099426442e-01
-1.132613768566291146e+00,-2.872173826830871080e-01
1.043247963403861389e+00,-3.145880752796741953e-01
1.137734056477202937e+00,-4.625542944529190681e-01
1.329478186361799708e+00,-6.364658239717135846e-01
3.283472635143923068e-01,5.799442804567604970e-01
5.547257677762721384e-01,4.855986681835445795e-01
-8.133166049929267949e-01,-3.901315138074542554e-01
-1.020112178837324857e+00,-7.059556174249400629e-01
1.617005920944341313e-01,1.087749838539897151e+00
-1.915567126550989374e-01,1.220783663369999772e+00
6.896979683751289225e-02,-8.406875786693803754e-01
1.275217585839707901e+00,-4.610985335178684474e-01
8.287073287210682260e-01,3.650538964039056200e-01
-9.230595395270309034e-01,-3.993622766787515710e-01
3.063664077112671080e-02,-2.522451414253203406e-01
-2.381521724026515741e-01,1.380251751708459151e+00
1.130558025143380274e-01,-1.096558024495408734e+00
1.071948654731038841e+00,-5.669262814859163946e-01
8.746448895989233918e-01,3.042625138948130692e-01
-8.892220698118943334e-01,-3.962277097056821074e-01
1.459357033959003958e-01,-3.085884287518947389e-01
4.346677684910921213e-02,1.144985251858940067e+00
3.105597630743633375e-01,-1.310459665931337891e+00
1.150806592759300973e+00,-2.804436369884562574e-01
8.850285887720334976e-01,3.307223003969320119e-01
-9.921007222676764270e-01,-3.836033134793883637e-01
8.613031093788479919e-02,3.120551926553387645e-01
-3.177780692420195674e-03,1.369157767743932830e+00
-4.428769912383584417e-02,-1.113504875242764258e-01
1.649391503639016654e-02,-3.360251047931757107e-01
-1.940076031347598429e-01,-3.441155113935336907e-01
-3.181505081187953055e-01,1.082353569098111423e+00
-1.131677944183229201e+00,-3.139615171254540038e-01
5.239805889035367703e-02,-9.128673541813939751e-01
7.961154534701149199e-01,3.988897289762243226e-01
2.428578898217418625e-01,7.389937016305220263e-02
1.072913460412905917e-01,-1.199905789902653952e+00
-6.876416080868219538e-02,7.566248780431240606e-01
1.184250213062489343e-01,8.761634077838352797e-01
1.073617450398358653e+00,-3.189476224927070280e-01
1.393140102411632997e-02,1.450373615523104842e+00
-1.481388965832361182e-01,-5.807532359617408879e-01
1.199912296441015602e+00,-3.308223007279673666e-01
9.592526725511636432e-01,3.925989168356760484e-01
9.513610751933045950e-01,4.543410619422996177e-01
1.067481812318467949e+00,5.447689645342326248e-01
9.217047971704951381e-01,4.015325564161771332e-01
-8.436755719942399256e-01,-2.943578695384912458e-01
-2.517327510397626700e-01,-4.211555374839677235e-01
4.247302369393077259e-01,-1.212687430143202683e+00
-1.473193892667751248e-01,-1.133068460205257921e-01
-1.267522380563383400e-01,1.246000389593248325e+00
4.786718543352053157e-02,-2.752208685397491417e-01
1.069998037644086963e+00,-8.268256606099078088e-02
9.725999760629102653e-01,1.018092340551797204e-01
-1.086435790543425206e-01,1.405479583720968595e+00
-1.545254382562025186e-01,1.459500474946707982e+00
1.150357915709434575e-01,-9.713048990652130010e-01
7.464897846439391138e-01,3.430608010182898959e-01
1.516239445175977307e+00,-5.082690980572759365e-01
4.398161604417278880e-01,-1.234246573874178798e+00
-7.973906605883849252e-01,-4.373182233533619012e-01
8.296501767942283667e-01,3.836279137004355300e-01
1.817689771663118514e-01,-9.135153915420648474e-01
4.036321806968173886e-01,-2.236665398852293596e-01
1.922014516794870453e-01,-1.222059813165644382e+00
-7.646014935498459675e-01,-6.355269426696625867e-01
7.490723360908516648e-01,3.791502721597342918e-01
8.542291272668217639e-02,-8.243607538763459974e-01
-1.094314065625954902e+00,-3.470452217393479311e-01
-1.611805178626903867e-01,1.158760745948563375e+00
2.112878260137424080e-02,-4.298103429217736693e-02
8.408129616119611738e-01,3.917838242116171710e-01
2.211244976785300964e-01,-1.131114868466043699e+00
-8.880421302303503905e-02,1.951468665884359410e-01
-1.357190609664320480e+00,-2.405293926750114442e-01
-7.109590851058994465e-01,-2.411824600524033746e-01
1.333262815096176501e+00,-3.940119065070643023e-01
1.149280105846694378e+00,-7.239200408411026189e-01
9.829340210707921965e-01,-2.978323558651415071e-01
-1.613689442271581953e-02,-1.612993453482402528e-01
-2.045083000347394653e-01,9.031156985822236249e-02
-1.119210681704828847e+00,-2.544546807542151234e-01
-6.676545695865661045e-01,-5.593222695940298639e-01
-5.951371327660848198e-02,1.302979288283431902e+00
-2.390536777142970304e-01,1.193044739189485171e+00
-1.450475770916423435e-01,-9.496706203036955340e-01
1.240994985932057926e+00,-3.498035458516650653e-01
1.002496995995527884e+00,3.593461026229396449e-01
-1.196735303331022404e+00,-4.377172089552476275e-01
2.129225835178133464e-02,3.871777931424873476e-01
-2.939320200868517641e-01,1.164067290893251005e+00
-3.522167087130610996e-01,-9.461724248202670884e-01
1.394472059202521041e+00,-6.584564968258053153e-01
9.774099923256542866e-01,2.601585688145787167e-01
-1.620062628880529765e+00,-4.300900144011123860e-01
1.731031625260421314e-01,4.873969109408111677e-01
-3.253981989120757756e-01,1.002609785074529025e+00
6.589706637660311395e-02,-8.238439648707331919e-01
1.200261741874446786e+00,-4.112426882329377476e-01
7.534101767155124696e-01,6.105177959863388182e-01
-9.837609449502775494e-01,-4.343041871679128585e-01
3.880648045943134172e-01,-8.257839807672151533e-02
-1.643781144799509319e-01,8.177074611467805010e-01
1.032412752303741854e-01,1.780340376819752879e-01
4.767249017119046250e-01,-7.633462620221836969e-02
3.356000173876712012e-01,-4.357209960884566025e-01
-4.381240088208062655e-01,1.223599084421665761e+00
-1.571095148186098855e+00,-4.161433802660217118e-01
2.525326974462310248e-01,-1.119874888624595943e+00
7.248365132565491864e-01,-6.450449900818878701e-01
-2.318194590583620429e-01,2.319235189608846448e-01
-4.678796830020888475e-02,-9.679530904558392157e-01
-5.237735744874463251e-01,1.228534293596747151e+00
-4.138492157224578083e-01,1.082917674357889215e+00
1.143670848323179445e+00,-3.952077738032265253e-01
1.188088847971112916e+00,-3.592024321957988930e-01
1.327442057448482871e+00,-3.716151660348952501e-01
-2.967594821601995392e-01,1.039440298384089356e+00
3.769687557759595631e-01,-1.295925495134059080e+00
1.288954488881487226e+00,-4.437305501473378655e-01
7.397451711676583663e-01,8.450368408096513573e-01
9.471510260356884592e-01,3.971841009086674035e-02
8.879105475317734530e-01,2.398806168523763827e-01
9.857375216523006634e-01,5.611549113875665684e-01
-1.371195113415505595e+00,-1.579384442450317283e-01
-1.429577337060660591e+00,-3.764775637919004492e-01
2.289375649674029733e-01,-8.172961447533575452e-01
-2.309604606653758996e-02,-1.029474372044724556e-01
-3.742274406112478524e-01,7.820464569013885203e-01
2.592680718079914404e-01,3.770390144179341929e-01
1.329630922319162689e+00,-5.750049512841513000e-01
1.074306777902523713e+00,-4.363614221056148490e-01
-1.784193521101701818e-01,8.723099159398920444e-01
-1.300404003701589595e-01,1.058061581255730577e+00
4.129088077455274064e-01,-1.237365166442791153e+00
1.018044161235400979e+00,-1.833964957988054589e-02
1.097541236969429956e+00,-2.565246573100312677e-01
2.623368808885667147e-01,-8.172628416511854565e-01
-1.456836698312500067e+00,-7.157902415493522241e-01
8.884269374573300349e-01,1.559521841497875094e-01
1.631342276622297915e-01,-1.039398108617890948e+00
9.483296583950864278e-01,3.030776475284685523e-02
1.280021794006664104e-01,-1.020298332623577720e+00
-1.405303763588470423e+00,-4.357666657449607017e-01
9.900483676507517705e-01,1.147767854019092204e-01
7.840228189751219379e-02,-3.687909968959573459e-01
-1.441964894183566548e+00,-3.201575017812490209e-01
-2.494313216394276611e-01,9.926461963210921891e-01
3.551349575531072000e-01,-1.140126545973630390e-01
9.939978527728089430e-01,-2.102835877236894913e-01
-2.530894926971388736e-02,-3.537773956078911763e-01
3.962696836210245488e-01,-3.679733824885184079e-02
-1.351156158407580410e+00,-3.175630557618804861e-01
-1.531917153419370958e+00,-2.338224650927604731e-01
1.034162830057913540e+00,4.240487995301964186e-02
1.269132425007186260e+00,-2.402176259328478447e-01
1.310136265439838077e+00,-5.194234768040303374e-01
5.869822826844073305e-02,9.180022159189368813e-02
2.897046047097086019e-01,-2.124262285503829284e-02
-1.398155108043012351e+00,-3.225831010003276100e-01
-6.843493983454951302e-01,-1.696829100441826776e-01
-2.127983176011434829e-01,6.863292112025330960e-01
-1.553921080082828476e-01,1.131869637687159091e+00
-3.257931714915057175e-01,-7.765824097886697697e-02
9.592695724998434592e-01,-2.400053446587167572e-01
9.927505449508096103e-01,2.892155059306800169e-01
-1.142632829755876767e+00,-3.916896394448288188e-02
2.311700397745762858e-01,6.902770102045645562e-01
-4.595545553856760779e-01,9.574427479263841745e-01
8.363314163691239200e-02,-9.805412329262075399e-01
1.032824597800984456e+00,-2.324715345330647942e-01
7.752244769862977058e-01,5.145993477143582240e-01
-1.006348350363079236e+00,3.049254689483258951e-01
2.822510460863532078e-01,4.260869004587773956e-01
-2.966311596004519990e-01,1.235866464312515456e+00
-2.961840445682751843e-01,-1.387189800776619797e-02
8.345787530363890649e-01,-6.453321661176686375e-02
7.441561293401990351e-01,2.805158775851442354e-01
-8.486495810344019119e-01,-2.473855933659366291e-02
1.325032372743781828e-01,2.626758306404364252e-01
-2.808355305906956589e-01,1.496122330751560314e+00
2.037739808255314977e-01,3.003912759784617692e-01
1.345516181861315941e-01,1.731103606081100810e-01
1.893118962337089206e-01,-7.132333231379522909e-02
-4.481164233075988768e-01,7.705075353648149772e-01
-1.255611206395803148e+00,1.068287577699983670e-01
2.869160790751040802e-01,-1.225193200875922539e+00
1.060575286712549303e+00,4.125178253508163806e-01
1.985339252877819649e-01,4.040802500171732370e-01
4.401376109966550487e-01,-1.371150594504461750e+00
-5.020791380918495639e-01,1.300869537569419254e+00
-4.368626120553346093e-01,1.312898937544271671e+00
9.153897192058506604e-01,1.362963562574344700e-01
6.808764464135849126e-01,4.860372318624394117e-01
9.229709477535995577e-01,1.353152143261796558e-01
-5.206527169986561177e-01,1.352058962809343345e+00
-3.745748512314686085e-01,-3.587324276058829753e-01
7.885333520500540372e-01,1.626853584955624266e-01
9.026476269454614121e-01,1.141540464699324353e-01
7.971535473850747122e-01,5.290742479581423963e-01
8.949498909601388830e-01,6.062577885019394541e-01
1.057038919275931299e+00,7.581980602989869533e-01
-1.133646930023232580e+00,-1.633461424115393856e-01
-1.474886992166602573e+00,-3.165268664373023233e-01
4.676511703296994948e-01,-1.193446084682211916e+00
9.526241130520995970e-02,4.395242399154231649e-01
-3.454147458849927688e-01,1.054801331213731874e+00
-3.831338425714542195e-02,1.140749602503362131e-01
1.174898291698835084e+00,-2.222712272003604661e-01
7.062828362157556050e-01,5.721347506836454988e-01
-2.426747873672903399e-01,1.338345527519509304e+00
-1.590258120403048037e-01,1.139228579237100858e+00
-3.395617734286591194e-01,-7.699750828876562592e-01
9.915206435611985114e-01,3.256588660296439453e-01
1.090660958461677543e+00,-3.182231099924082707e-01
6.014311877801130635e-01,-1.243356247658949920e+00
-1.298682620377801911e+00,-6.974597717586408785e-02
8.939579753914292937e-01,-3.131010716625959311e-02
4.724400498282139704e-01,-1.182282030914113324e+00
9.106048661060611726e-01,2.456241766482584465e-01
4.707393552672607395e-01,-1.275452568423047328e+00
-1.071037561844714325e+00,1.082323443513065753e-01
9.128926036710330871e-01,6.584939655062619357e-01
2.867393159720854623e-01,-1.062727803042081476e+00
-1.335623649313065098e+00,-5.440543007068541215e-01
-3.662063502413524518e-01,1.217895438166615829e+00
-1.068582654726211723e-01,-2.524728856937311083e-01
1.053301567724727938e+00,2.629645995829791305e-01
2.242169469718327812e-01,-9.252519266595737868e-01
2.179086904356273280e-01,-1.391324935004594754e-01
-1.311831030453070479e+00,-4.415391512501025129e-01
-1.304384085354863165e+00,-3.928326706290060644e-01
7.484926471185198160e-01,2.961389268097947003e-01
1.092934256232475754e+00,-1.403529385080970471e-01
9.872225214127849924e-01,-2.327884267993335365e-01
1.020459324920422461e-01,3.200497545168538016e-01
2.116809841432270578e-01,9.922374941833900230e-03
-1.199584347560969100e+00,-3.834287399449934908e-01
-1.425394498811683786e+00,-2.935293060640420393e-01
-4.043042080878664901e-01,9.105698543093895259e-01
1.019287850532106243e-01,1.259883556453675002e+00
2.696081056911549256e-02,-3.917655294916019826e-01
1.203625877946661982e+00,-4.527027819819685606e-01
8.322945849223819526e-01,3.245548357148118068e-01
-7.683350130285850899e-01,-5.244399530086516492e-01
3.305155410434153507e-01,4.235489619040081477e-01
1.497040101191077777e-01,1.262938216124942059e+00
-5.766446177603835876e-02,-1.604544973380160888e-01
9.258144552375098257e-01,-3.935948706859255797e-01
8.892499231613347765e-01,4.922692713498019734e-01
-1.080072006818259434e+00,-7.052198338998645344e-01
3.691850783242283107e-01,5.912060925313583626e-01
6.450333385784462470e-02,1.097531329252455112e+00
-1.095219888724242585e-01,-5.039977274270425189e-01
1.419540275304774335e+00,-5.677240067848694505e-01
8.921844786202419719e-01,1.604430649824038491e-01
-1.030645664266200967e+00,-7.271195233918086309e-01
2.003702011812488470e-01,4.136354607493469837e-01
2.507532349847685360e-02,1.158185548294946798e+00
3.897853566940497338e-01,6.126379673936529491e-01
4.084633685976511996e-01,5.974483570799672405e-01
2.717539254346914568e-01,5.811513899874118927e-01
1.899895763607828414e-02,1.264584183598458811e+00
-1.418323252339195317e+00,-6.852687718694285834e-01
-2.206906771633780628e-01,1.067433074065817777e-01
8.743897939866607238e-01,2.669236409185706815e-01
4.356992107729616981e-01,5.926680190483502031e-01
-1.628941068263420333e-01,1.932641162818110048e-01
-2.497778166464204030e-02,1.341049471860730424e+00
1.212751973541107420e-01,1.272301125102418773e+00
1.206183972145319583e+00,-5.200995314664080826e-01
1.168799803078842459e+00,-4.478233785545903123e-01
1.108409623174308578e+00,-3.830926848777192473e-01
-1.035930443852293714e-01,1.547348157382909761e+00
2.871075078765929212e-02,1.114636593037528489e-01
1.071624774670814961e+00,-5.118404401898760669e-01
9.516468249831402382e-01,1.559981278066529808e-01
1.005202806742332422e+00,2.541654282672634046e-01
9.372483915170031210e-01,3.970719972949916521e-01
9.353750901198347734e-01,4.319641777367450031e-01
-9.622269608350119130e-01,-6.725627407970102833e-01
-1.202645563513029758e+00,-7.811602218096960204e-01
2.593360215136786273e-03,1.457838353766827133e-01
2.192387495639383788e-01,5.517951771446333309e-01
-1.713491383245081545e-01,1.470670433794942555e+00
1.680548864859980340e-01,4.141461560541181974e-01
1.258593621002697560e+00,-6.260979234542540794e-01
1.268741415715490373e+00,-4.852944122928337101e-01
-8.386818220141700753e-02,1.475063159432011384e+00
-1.047141687044861325e-01,1.240730747058988115e+00
-8.445096081101427510e-02,3.931011455707151825e-01
8.168887453309243707e-01,2.336900046886979943e-01
1.075550850339879183e+00,-9.534858849043173490e-02
1.394738168794728561e-01,-2.250863218514691511e-01
-1.234417295354897082e+00,-6.526847168404241728e-01
8.025768342181607284e-01,2.286199296012553228e-01
-1.041174669887467430e-01,-5.167596597327852592e-01
8.402435845559743655e-01,4.856461386695571925e-01
-2.193915399106821651e-02,-3.399103144110443564e-02
-1.107559622712273484e+00,-7.111576297017940806e-01
7.724031994705187198e-01,4.210726630650120650e-01
-2.390929202116670038e-01,3.989466078704476115e-01
-9.467914509686268243e-01,-8.038228113523309126e-01
1.146431152263094333e-03,1.211108339176139026e+00
4.586347999252966545e-01,4.657774502852816134e-01
9.153844595937332684e-01,1.450552371129804341e-01
1.091686005082511540e-01,-4.668473131527939302e-02
5.098840268081186178e-01,4.591495926971949637e-01
-1.206617022160879626e+00,-7.549094897711163821e-01
-7.312205464136436461e-01,-7.029777692554101121e-01
1.442607113903529914e+00,-6.077480157362702418e-01
1.085098767932743513e+00,-2.668702861744918220e-01
1.029944398987654886e+00,-4.489152989866233012e-01
1.818990184804596677e-01,5.348882651026481971e-01
1.867048321406443723e-01,2.786004589231858564e-01
-1.057786270888145141e+00,-7.128599233593400086e-01
-1.150460008210425489e+00,-9.229925696233590715e-01
-4.661871688902169408e-02,1.273493677791197598e+00
-4.435831355275573484e-01,1.272783259851547610e+00
4.361881135172004931e-02,-1.254037553677215477e+00
9.610635877084821033e-01,-5.004292533231863294e-01
8.032740799404058940e-01,-1.811337017007843553e-01
-8.855811990094650810e-01,-4.578858655730972949e-01
4.459405022833085042e-02,-1.624080196478004390e-01
-3.547210202327649164e-01,1.163964509544407555e+00
1.735952986428784817e-01,-8.969437110743896380e-01
5.005387224299051585e-01,1.059867366967346680e-01
7.706052764014328371e-01,1.456774433006056135e-01
-8.244774848009954749e-01,-5.318598048594052052e-01
-1.213193314388426591e-01,-2.316146247675479053e-01
-2.569210175211895097e-01,1.035111436946720476e+00
-1.522902146117134092e-01,-7.527639062025802685e-01
7.387910138805988680e-01,-2.297144550292328502e-01
9.273301565325532403e-01,-3.185087886263482382e-03
-7.800858231115742614e-01,-3.863273248160810081e-01
6.943209149955864579e-02,-2.729874843756836533e-01
-7.008315550639804270e-01,8.630662156130251839e-02
3.214068125387440911e-01,-7.945759300197394737e-01
2.537029951269997863e-01,6.152049734783987534e-02
4.538953236918386036e-02,-2.762012114031887622e-01
-2.289404824336813138e-01,1.211912968356875897e+00
-1.098845080562872889e+00,-3.933281665230486390e-01
3.654654085625007043e-01,-1.331065709509295036e+00
7.817959310809224904e-01,-6.499132136938934323e-01
9.516801144149156233e-03,3.355533015742880876e-01
2.356098021123291808e-01,-1.122995915578388182e+00
-3.461209876702146526e-01,3.596653353676332321e-01
-2.309650367892468192e-01,8.868272418214446784e-01
5.447645285471834908e-01,5.546796135744064271e-01
1.263830127107055112e+00,-5.935585200425855801e-01
5.213347992967034550e-01,-8.683366903481087862e-02
-2.431136358471578940e-01,7.968385152978061381e-01
-1.766011541008255525e-02,-1.087076276634255656e+00
1.072271802486094661e+00,-1.058716599854511581e-01
6.855194730810684201e-01,-5.593001835457116488e-01
7.747465644174860167e-01,-7.208415616739148879e-01
5.177026184604963666e-01,-7.700868950509449640e-01
8.314907466080441178e-01,-5.424844651908711235e-01
-6.333338013650534615e-01,-5.509432146472514891e-01
4.111366341992128692e-01,-6.526994392405971457e-01
2.152017731448394589e-01,-1.217101058059636642e+00
2.012653785393279660e-01,-3.232325226859957268e-01
-6.016369022492131791e-01,4.946607631363423296e-01
1.417059502447304276e-03,-4.016261647372897370e-01
8.405145792031269991e-01,2.392770636080521207e-02
-3.689590599563052908e-01,1.347054237052627723e+00
2.582529340383324934e-01,-1.183175176174799947e+00
9.086644997789324885e-01,3.573508798685676169e-03
1.234465301461404874e+00,-4.828438993597550244e-01
3.399038117877535847e-01,-1.166625590537085699e+00
3.454021499046460164e-01,-6.261199671434924952e-01
7.986380309414580214e-01,-9.719052980020070898e-03
2.872841322737836878e-01,-1.467975876401421687e+00
5.724720445307142080e-01,2.933245258083183593e-02
3.001697278336220021e-01,-1.317153193774450504e+00
-1.185732895633967887e+00,-3.092718148690960511e-01
9.500146493755966537e-01,6.364855593179119531e-03
3.493577613002767368e-01,-1.385345696280753547e+00
-1.019563465237948385e+00,-5.700977776055390356e-01
-6.110247437344746846e-01,9.543687746629498925e-01
1.974360365373073467e-03,-5.012978713589013591e-01
9.250542976280562435e-01,1.905502948377763572e-01
3.483782058005793214e-01,-1.241641521438301865e+00
3.721122892992853037e-01,-4.003096940659161551e-01
-9.291570584359996055e-01,-5.509020426479205312e-01
-4.651599856058898919e-01,-6.969196737770160244e-01
1.111600642481413104e+00,-3.829469734187377350e-01
8.947746979096137254e-01,-5.872825447935997589e-02
-1.212375578241292051e-01,-2.029960929088272248e-01
-4.879740612654748233e-02,-4.742041465744554762e-01
2.708281793830816242e-01,-5.191408815748468353e-01
-1.068748728990708496e+00,-3.614489988599909331e-01
-2.840604190100661786e-01,1.182592961370267926e+00
-4.888221479250903778e-02,1.247406510718645611e+00
2.886065321656249294e-01,-6.800423102565189559e-01
1.129826661348691808e+00,-4.477291613078860921e-01
3.978846192977557594e-01,1.120494790712703304e-01
-8.783255304160073607e-01,-6.840048113329941781e-01
2.844150094790073857e-02,3.297052958248406496e-01
-8.658508714067481016e-03,1.305150857469835834e+00
-1.493270819187816900e-01,-9.683285827913789001e-01
8.361372405250895312e-01,-4.025776838524480761e-01
6.722845165596567085e-01,-5.014846153894695346e-01
-1.319808294521769065e+00,-4.373438723048205246e-01
-2.079515130488845953e-02,1.204064701498540335e-01
-2.842103367166620709e-02,1.138810339997182286e+00
2.110096570111551217e-01,-7.443555419746611390e-01
8.737654132630244819e-01,-4.254207640932956003e-01
4.694503046923527712e-01,-1.584304014813803785e-01
-1.431045203657444365e+00,-5.390249531362109048e-01
-3.640836181646724956e-01,2.038932327045817061e-01
-1.690423759970620665e-01,1.361174673638841703e+00
-9.984119528290072432e-02,1.799378103219508584e-01
1.315933414905441634e-02,1.115034843432338718e-02
1.710167184071223478e-02,2.647214334177361295e-02
-5.325634219785140289e-01,1.056028231378272286e+00
-1.363373355092098116e+00,-4.901889392341922669e-01
3.489737962397280735e-01,-9.094591370258299223e-01
5.088904552354619470e-01,-5.795616858684630168e-01
-1.113302954328456718e-01,1.335515441903954992e-01
9.191449191902700822e-02,-1.055141243557560671e+00
-2.880996124444866746e-01,1.237162572321409026e+00
-1.695816327172017246e-01,1.190621904194539393e+00
8.418683625645361213e-01,-6.919413497499127264e-02
1.226890449499481228e+00,-5.493492918247993018e-01
1.013348067359462146e+00,-2.777396138661055724e-01
-4.534645180052420677e-01,6.735741225222365847e-01
5.887767958189085715e-02,-1.096271192225951152e+00
8.911614417385103071e-01,-4.394472639285580406e-01
7.350054688546833193e-01,-3.741142717361522485e-01
8.227230068677715558e-01,-3.789198047161667082e-01
1.517155535178839609e-01,9.529897978934326330e-02
6.510200550060784019e-01,-4.351747732329396823e-01
-1.420977415007328437e+00,-6.871977954010279888e-01
-1.419355643393327426e+00,-6.880528154486121872e-01
-9.819647348917909246e-02,-8.277637744933117325e-01
-1.857817342134311100e-01,2.916994306608683418e-01
-3.064794922555698076e-01,1.201395923104217722e+00
-2.534705715089533573e-01,2.840104521229765977e-01
8.200146685505391719e-01,-3.411275685464565388e-01
1.099418256672862526e+00,-2.567944460097421056e-01
-1.482563419996181242e-01,1.284768675895806123e+00
7.505881672389161374e-02,1.126286998824371555e+00
-2.612059933731760708e-01,-7.193406704209756031e-01
9.568742000481540444e-01,-2.179464942986787945e-01
9.211194483119103937e-01,-2.246317179991306479e-01
1.410547277612530792e-01,-9.395091232205359244e-01
-1.522477986961207064e+00,-4.927493609331660696e-01
8.419806897446473481e-01,-8.505000741718726776e-02
2.131016114861197519e-01,-1.016969541458960125e+00
6.878091674182100768e-01,-1.012580557739047038e-01
-3.950914823167200884e-02,-1.028601879659215790e+00
-1.564222017513703378e+00,-2.588231862932314775e-01
3.415488520780015080e-01,1.272725827917176034e-02
-2.052505782191261230e-01,-7.674307317898615421e-01
-1.225559701795745138e+00,-6.297585173362486577e-01
-8.709110538503817001e-02,8.091820681888732825e-01
1.808983852337542886e-01,4.436867180574642910e-01
6.900939818078448695e-01,5.610483028038903974e-03
-6.045330635590528967e-02,-7.870156266465488937e-01
5.244909862447522109e-02,3.100888389431719627e-01
-1.211106133012392672e+00,-5.636206832195522765e-01
-1.336012503415036523e+00,-7.303718227262068208e-01
1.018213478091527291e+00,-5.329627957500421287e-01
1.150273814553887330e+00,-8.106543259899351428e-01
1.081688893353343062e+00,-5.176439488714729142e-01
-8.194797454725244457e-02,2.135252701324710789e-01
1.391886196067536607e-01,4.646184466428393556e-01
-1.484258835791239850e+00,-5.700481254855601643e-01
-1.506315442621507961e+00,-7.332209406093037618e-01
-4.408199751555858525e-01,1.091999656207794267e+00
