-8.844024442773769579e+01,2.629558171965324487e+00
8.015225067328130137e+01,-1.335050857380503331e+01
7.246132696623662639e+01,4.506808786886811902e+01
-6.752151754469980460e+01,3.698348078390320381e+01
2.011591917168789223e+01,-1.025420979248501396e+02
-7.662528023264057708e+01,3.783793009355447623e+01
-8.516867792846996110e+01,-1.184314678730433101e+01
8.708568080779431853e+01,-5.216247809108330813e+01
2.072907440618093133e+01,1.010534032021181616e+02
-3.505259084041746576e+01,4.217201247941184761e+01
6.444298777617401441e+00,-7.975187936720644188e+01
2.507422976950725868e+01,-1.700904658439824146e+01
-6.989833124218058913e+01,-2.249661192302475854e+01
9.123108730157163393e+01,-4.683518365573658571e+01
4.470672050433438471e+01,7.644941795187351374e+01
-2.108883305002016328e+01,1.820837186160242993e+01
2.689480242667701049e+01,-1.021179571378386015e+02
1.397423368066671401e+01,-3.299655691955786097e+01
-9.815231412324747851e+01,-9.334270909948507722e+00
-1.440990393205996334e+01,-3.276745700870679912e+01
-6.642964760874001229e+00,-2.720420817169149785e+01
-6.359318614224521937e+00,-3.282663120395135081e+01
-6.690071286064970479e+01,-2.943998581704060058e+01
3.203302241247220072e-01,-7.063911716928463136e+01
8.878736602154070567e+01,-4.232124360018844555e+01
-4.907127766265859492e+01,5.584778539329656866e+01
1.638778241524229173e+01,-2.241372415552508812e+01
8.463261290851332319e+01,-2.531934378474243275e+01
-9.046869473844940046e+01,-9.971569874388695354e+00
-8.016210229869750492e+01,-6.204060861613292843e+00
4.552100079088217655e+01,5.450264871269131817e+01
4.421774421382842490e+01,3.781410831158014929e+01
4.520187886299940061e+01,3.551056978515065765e+01
-6.888093487807269355e+01,-2.592570782068373703e+01
9.635391838592146030e+01,-2.946307522474456420e+01
7.604861077093858057e+01,3.097191616211239662e+01
-2.647872627440065685e+01,4.564619930069213893e+01
-4.382689944656203096e+01,4.996547016678547948e+01
-3.958023196178525183e+01,4.779147508004064804e+01
-2.695964714594416733e+01,3.723822221547719380e+01
1.935437433647023298e+01,-8.841091340977382629e+01
2.513963539233012767e+01,-5.402574165309911081e+01
8.513573340667927880e+01,-2.150784619871637915e+01
-4.003017887336952185e+00,-3.535380677775238212e+01
-7.314150215847892866e+01,-2.629813960117538940e+01
-2.397392720635777508e+01,-2.297190249397825212e+01
7.043541425905371511e+01,2.765876926386248158e+01
8.098630148775455950e+01,1.389289607114140779e+01
-1.119885090089201185e+02,-1.772000000141124021e+00
-9.242554006797477939e+01,-3.435875232394104195e+00
8.857300658727940856e+01,-3.431711652135493296e+01
-2.244659907912315688e+01,3.566465346684267956e+01
6.692217092135135204e+01,8.779602317139239176e+01
7.330954541153352011e+01,-3.903344999580701824e+01
4.863513858438327020e+01,-2.791271210540778114e+01
-3.031500726855841421e+01,3.909035148256371883e+01
8.702335161366784178e+01,-4.375552808342514766e+01
-9.494173920100774211e+00,3.068861714186233769e+01
7.133613489949355824e+01,-2.469287271359778657e+01
1.632288369388416882e+01,-8.630717192184677344e+01
-2.415868290028589982e+01,3.503726832668994717e+01
9.412166343153803894e+01,-1.533389615618812707e+00
1.843430603041047178e+01,-9.879642648048145759e+01
-8.639075392388126318e+01,-2.249216428654829514e+01
-1.755502533109591567e+01,-3.470406097331562734e+01
8.586180821128101215e+00,1.759567921485322373e+01
8.771921977493781242e+01,-5.519778293812758818e+01
2.046406179750631882e+00,-2.262751878769650205e+01
2.467247932383192222e+01,-5.447036643026468994e+01
7.117729429014736375e+00,-6.691675811282036079e+01
5.852722660414558931e+01,6.715229887740905212e+01
4.020277620458772105e+01,5.061129382117726294e+01
3.747526263023894444e+01,5.609121797757659067e+01
2.071484249043347248e+01,-1.089967623499896554e+01
-2.593684031570300519e+01,-3.642065629296483564e+01
2.975591976993410981e+01,-4.308899628698696205e+01
4.614673774327286537e+00,-6.729481108693943270e+01
-7.045129286817440573e+01,-2.526763106897874778e+01
-8.932692231792294990e+01,-2.199747939420333509e+01
1.084257489158632239e+02,-6.049246706699570097e+01
6.840271658444964942e+01,6.446488233988081618e+01
-1.891291269890346527e+01,2.871663038910666543e+01
4.697221599954238513e+01,-5.725532502375758526e+01
2.089424294721387554e+01,-1.120134751950966390e+01
-7.020124413166557531e+01,-2.313282868933593406e+01
8.862907228536094806e+01,-5.991791382335481586e+01
7.117817157937025740e+01,6.861536212311682448e+01
-3.967036041451136441e+01,4.611988763488516696e+01
5.481822811578369681e+01,-5.612663314032243278e+01
-8.017846334747353865e+00,-1.406142091266631589e+01
-8.639709754697334176e+01,-2.092866028468578676e+01
9.326303039552659868e+01,-6.757104536117913085e+01
3.597622015935779416e+01,6.811297535869375963e+01
-8.047069165782136935e+00,2.242857484021106984e+01
5.217020070195341219e+01,-7.355611549185553599e+01
3.528666817927090449e+01,-2.291188970998298657e+01
-6.777553529379400743e+01,-2.173028082505110703e+01
3.222194135569868667e+00,-1.056358700722583244e+01
3.873927360613856052e+01,-2.167614290336305061e+01
2.966427581912152434e+01,-2.269800341653408182e+01
-8.119012256667122074e+01,-1.237523381043846804e+01
4.382015132046438310e+01,-7.648515213111134869e+01
1.021933315547249492e+02,-5.015109341327776349e+01
-1.327782284753095610e+01,3.279007377973778858e+01
9.204136375482159238e+00,-1.834571992911588367e+01
1.039068940136382935e+02,-6.204189537305934721e+01
-8.361038615226793524e+01,-8.036366671623213165e+00
-6.707055056518305491e+01,-2.157604930910112628e+01
6.699792998854866255e+01,4.875497740351543996e+01
6.468118830809073927e+01,6.652886102322322870e+01
8.283322832927795787e+01,6.821285480483435038e+01
-6.838944858116410330e+01,-2.582159270313210797e+01
1.003665544819669009e+02,-3.975285867260018335e+01
7.247416730290765940e+01,5.120386388452978110e+01
-4.330021383043258254e+01,4.404875330967531255e+01
-3.880724728933392953e+01,4.011961582187242925e+01
-2.860032595378810427e+01,3.166187498345777485e+01
-4.074085406496971729e+01,4.143224573579681191e+01
4.888438759211467755e+01,-9.329655545025200070e+01
5.958402959320130066e+01,-9.163045774858836978e+01
7.504095248431312370e+01,-5.980981884464809184e+01
1.557238389660158084e+01,-1.835496138831346613e+01
-8.512874494951007875e+01,-1.509177584266539185e+01
3.340171846235418940e+01,-2.461600296085547512e+01
3.186758092846757151e+01,5.142283813012871718e+01
7.014084641975757961e+01,5.289049908091207897e+01
-5.343437742460169915e+01,-3.294740550675567192e+01
-7.773683619990691795e+01,-2.424255685213909928e+01
1.016854127651604642e+02,-5.303013510056617008e+01
-2.140376881597040182e+01,3.179338556404311333e+01
7.304330640636469241e+01,5.281125413704457827e+01
8.598155650202285472e+01,-3.959477466990024652e+01
-3.026639838196076582e+01,3.059509214095049501e+01
9.018847398022005279e+01,-6.378124593215328986e+01
-3.045952928331107756e+01,3.909152566777378013e+01
9.042133457911572236e+01,-5.076775013143560500e+01
4.730034396773732652e+01,-7.288060721157366117e+01
-1.777280251594310201e+01,1.692016243472800952e+01
7.185752298920807846e+01,-6.752637501397519770e+01
5.919136926562713796e+01,-7.140536631730999773e+01
-9.101115826852407054e+01,-6.305899176870132905e+00
2.734383591030163174e+01,-1.951347455338414960e+01
-1.749905283669071210e+01,1.307082866847111191e+01
8.656780760938430319e+01,-5.658375352759820487e+01
1.427351273740097959e+01,-1.701576127744172240e+01
5.875186994694610121e+01,-9.099041761343745804e+01
6.281434861235817380e+01,-8.028944581823989779e+01
7.283719953233806166e+01,8.319800408510435830e+01
7.564883973879088330e+01,7.062020830967492202e+01
6.844211303324675555e+01,3.449963268022345630e+01
4.290527857071279527e+01,-2.256075349657889362e+01
1.555015412988381129e+01,-2.364811448298526741e+01
6.696673524059217186e+01,-7.358582246767105062e+01
5.729760298531274287e+01,-6.510014717222200886e+01
-7.145983484406671948e+01,-1.529777745174656900e+01
-9.510029523606611690e+01,-1.092386160718142207e+01
1.010818955785415625e+02,-2.803856634332001496e-01
4.205501556748667724e+01,7.612223656829399943e+01
-7.433226806728160341e+01,4.967694499189226320e+01
1.110335707493982405e+01,-6.567046619902080806e+01
-6.317086728613806912e+01,-2.829472351002409169e+01
-9.255234772863167336e+01,-5.625433546984685229e+00
9.139068748512414686e+01,-3.172514918498841396e+01
5.136741484551591697e+01,6.321030386874215878e+01
-5.734620084099086057e+01,3.645556704713096252e+01
1.335053613385811921e+01,-6.661283776668592793e+01
1.343427324263443623e+01,-2.043582635682212612e+01
-9.395827513183805024e+01,-6.906581339820250243e+00
1.025829156881692370e+02,4.494878016324043379e+00
5.229071922786867077e+01,7.171484427274954498e+01
-4.928362655936400216e+01,5.616514258701547391e+01
5.053264379759471403e+00,-7.816511654753448113e+01
-2.825695760957039226e+01,-4.132578437616187017e+01
-9.723022915205875449e+01,-6.592630978099460748e+00
-4.270340283423410455e+01,-3.871194182585549726e+01
-3.748538486221531940e+01,-6.143393695984513414e+01
-6.326528831670142239e+01,-7.216388050446606428e+01
-1.050881047812376607e+02,-1.384389276820629000e+01
4.247909316995986728e+00,-7.859547738667312444e+01
1.012357212110974842e+02,1.395590542237445275e+00
-5.166336327190501976e+01,4.075325662898863044e+01
-3.020254379014222934e+01,-2.811500913873663876e+01
9.759856916171314367e+01,5.105766462113860982e+00
-9.833279344711601766e+01,-1.447779510511656831e+01
-9.343020947643086060e+01,-1.282801394873695822e+00
6.835832381035568517e+01,8.094709907312170571e+01
6.232360495306613046e+01,5.584862918655626629e+01
4.915022938185239099e+01,5.914255985323833187e+01
-9.440438762307141474e+01,-5.190064934875061375e+00
8.088016424042933750e+01,-4.698614381842330801e+01
5.482563300374535942e+01,7.499335674390019335e+01
-6.073801896699094272e+01,3.974879372836790736e+01
-4.411358706618199221e+01,4.292944267901894051e+01
-6.176391563253470451e+01,4.936757716266816942e+01
-6.110617875768652141e+01,4.306931270396942324e+01
6.437227226403164915e-01,-7.566427792228242311e+01
6.625906164343338567e+00,-8.864696496481771248e+01
9.623572643128093773e+01,-1.149701801158438785e+00
6.750683246131629289e+00,-4.042068133531731888e+01
-9.176583060471087094e+01,-1.186313734532600428e+01
-3.801805099518635700e+01,-4.453105739024372411e+01
4.655529289363629886e+01,6.926378040367247024e+01
5.497373683402325639e+01,8.482979025458308797e+01
-9.385056114275536743e+01,-6.738122087431076546e-01
-8.186938867017238408e+01,-7.993115432336359127e+00
1.000855802125068266e+02,-3.077274772646588996e+00
-5.410240601215760137e+01,3.710059462268707620e+01
4.863616186772433991e+01,6.910297087443238695e+01
9.486161990302100833e+01,-1.477260608764493810e+01
8.120472141196048099e+00,-7.363293892285091147e+01
-3.325702850995288173e+01,3.365200888512908506e+01
9.676238783214762407e+01,2.374686151978456117e+00
-5.851619484026323903e+01,3.818340833406927715e+01
9.095566097914145587e+01,6.219415341620623927e+00
8.473760036040923538e+00,-9.119037914120380606e+01
-6.010130298846992503e+01,4.746864328359045970e+01
7.523491413724764243e+01,1.665031974770256795e+01
7.387645398365703997e+00,-5.633220045024877010e+01
-1.001434211249492421e+02,-1.836200077404514985e+01
-5.432200872935215585e+01,-5.920428541447753190e+01
-5.632739442552385611e+01,5.637965476988890856e+01
9.326128279136931098e+01,-7.140075469696793853e+00
-1.532745812111804717e+01,-2.801081400959015966e+01
8.079800632767874191e+00,-1.095834592675288377e+02
1.003645410863346044e+01,-6.978550436779475774e+01
4.542219544204630211e+01,7.419810066730390474e+01
5.754631847555305058e+01,8.493182773264744867e+01
4.943628063211956913e+01,7.522753045637242053e+01
-4.639438678929446525e+01,-5.183593226450529556e+01
1.235510698764007032e+01,-1.616362631462781607e+01
3.439440047298377046e+00,-8.055250175375701360e+01
1.528854172703292136e+01,-7.039465603224354595e+01
-9.371014960038507979e+01,-5.018426487936539893e+00
-3.675611040116369566e+01,4.624893451799929522e+01
-1.023068055583617451e+02,-8.405402116781353072e+00
1.175396036808811289e+02,-3.392456451218002655e+01
3.643374225642539699e+01,9.227882690403968979e+01
-5.737215535487639073e+01,4.412684846730442700e+01
5.027096375709889031e+01,-9.445423710870142031e+01
-5.608459439645510969e+01,-2.058082475638651943e+01
-8.388500930853238913e+01,-9.537699652784443316e+00
9.796860130210438911e+01,-1.632727328735595407e+01
1.074759504999232007e+01,9.862269378782785623e+01
-8.930450357657223037e+01,4.552881400420425706e+01
3.656416716790893418e+01,-9.411624023413908446e+01
-2.367120933657329829e+01,-4.302865962313615000e+01
-8.100266012380058100e+01,-7.026144590818534041e+00
1.000243058232444042e+02,-2.395823433263054625e+01
3.984058148208102068e+01,8.450718623421400366e+01
-8.912461485620298163e+01,2.389334493917325375e+01
4.532663875963108069e+01,-8.505458468657371895e+01
-4.108649927948592051e+01,-3.932359065190496494e+01
-7.125817729057266092e+01,-2.521696596982575400e+01
-6.729676592296668503e+01,-5.613550512379063662e+00
-2.701578787577711083e+01,-4.156697567853600361e+01
-8.313622193208358624e+01,5.648699254948598814e+00
-8.776272564611299742e+01,-1.625232043251333280e+01
3.431311579326452232e+01,-8.585356885763832224e+01
1.024617146610111007e+02,-3.099906627008795823e+01
-7.518377543810764507e+01,4.537540644710639270e+01
-5.127196356780080322e+01,-5.087762464474089086e+01
9.544400641411368724e+01,-1.480136295319382356e+01
-9.511022975196904383e+01,-5.632708612522975500e+00
-7.964916908247343486e+01,-6.410938617065988332e+00
1.476423344206514265e+01,9.726829631115738550e+01
3.782997910583721790e+01,8.949032722539207896e+01
1.464555207965938699e+01,1.034601860571495990e+02
-9.991719589210832453e+01,2.214390987444385228e+00
3.688440894032041228e+01,1.303585972556239767e+02
2.842080178262412993e+00,8.788904468007704907e+01
-6.992038346677179561e+01,4.779275906062690638e+01
-9.189809439626277765e+01,4.132353089168677940e+01
-8.577420098123666037e+01,4.225875238137117407e+01
-8.903029712700841003e+01,3.121657254161123873e+01
3.350242827310233196e+01,-9.091267131055985828e+01
5.325887164759802062e+01,-7.893847139335572649e+01
9.752384452348333355e+01,-3.258427652389017481e+01
-7.220197169483185462e+01,-4.169387014834817506e+01
-7.663479313297030160e+01,2.481272930641198027e+00
-2.714617779862566849e+01,-4.427932897206497387e+01
3.215649941740030471e+01,9.660304714214191790e+01
5.798677260301604264e+01,7.466422801816099764e+01
-9.147621633113674022e+01,-3.650432630460406447e+00
-9.780412181684792472e+01,-8.013346424601694551e+00
8.657320914472859386e+01,-1.852408664971217789e+01
-9.310252689602526743e+01,3.742288084348927413e+01
5.884994693237005947e+01,7.386870525958339329e+01
8.903747568126634349e+01,-3.233639827154174640e+01
2.671997143732348334e+01,-1.003203660320430117e+02
-8.440684864196258275e+01,3.309901093500974412e+01
8.940186065872066479e+01,-4.037435173964114199e+01
-7.293043465582776719e+01,4.752497369013305217e+01
1.034413181073026493e+02,-2.608179426011430024e+01
3.456826399446172360e+01,-9.712192477687186454e+01
-8.124982724241530718e+01,4.846842214558090234e+01
1.006790801238202562e+02,-2.423278558300125596e+01
4.115068892679662582e+01,-7.747471089032326574e+01
-9.159896342337331987e+01,-9.807800532257179071e+00
-4.300371673384002946e+01,-2.705707551390782584e+01
-9.477112610735179032e+01,4.588559643432449064e+01
1.040587184864346852e+02,-3.433458239482536101e+01
-2.980765187792436421e+01,-4.362086758290985955e+01
3.967093608839526553e+01,-8.726107961598364682e+01
3.708137718816483641e+01,-8.620834013820362429e+01
4.857792261714268989e+01,9.480447960154874920e+01
4.026242845575139739e+01,9.146282127197281397e+01
5.063632668236829915e+01,5.680806425191697429e+01
3.463966175089529198e+00,-2.736231179846789630e+01
-1.486169375103174417e+01,-5.465342674038669912e+01
2.307071655932058363e+01,-9.885666467279664005e+01
4.865617100486355184e+01,-9.568410577048378229e+01
-7.287092614816671698e+01,-2.195558249340302748e+00
-8.563999218324229901e+01,-1.049695819433720523e+01
-6.465576783229443514e+00,1.385672374269529712e+02
1.459832757537172832e+01,9.354825845996248290e+01
-3.728521195335162730e+01,8.130448279246853360e+01
3.403237399156446230e+01,-6.563312918028950094e+01
-5.271266179403208696e+01,-6.453464346985016675e+01
-9.027266530343396767e+01,-7.456409005622315345e-01
3.786491461279825899e+01,1.275314115883661401e+02
4.993075202951767011e+01,6.128441489976407297e+01
-1.989879581447301504e+01,7.883827820930569885e+01
3.140130445942477522e+01,-4.017234756544549157e+01
-5.691537646272422535e+01,-6.489078903543256160e+01
-9.425166639168003258e+01,-2.171306970690606963e+00
3.388216421895393893e+01,1.289232922597179822e+02
2.749052380954551467e+01,7.824689449953099540e+01
-3.529435211554892149e-01,9.465942488503664265e+01
2.504331215228154761e+01,-9.423037207792785352e+01
-5.738323694168992262e+01,-5.104696748800183315e+01
-8.336931635506350347e+01,6.083174299225966308e+00
-4.031967888036849956e+01,-3.990284067178994576e+01
-5.462316666113835595e+01,-6.345171464663120275e+01
-6.579123311476307379e+01,-5.339516375682323002e+01
-1.081553753897803460e+02,1.375438812806599742e+00
1.569678655421670221e+01,-7.757309333399375362e+01
5.167605346891234319e+01,1.267841526129597298e+02
-3.549906498714938863e+01,9.249874780363040827e+01
-4.160372893051717824e+01,-5.600121897644152114e+01
1.745157319392166073e+01,1.491633805697712205e+02
-9.664753736733450751e+01,-1.312311640896418297e+01
-1.095083013074577991e+02,3.152402271081662821e+00
2.436827753242322103e+01,8.448671304066002108e+01
2.850274195381794939e+01,9.030583158142496814e+01
2.148493528575066236e+01,9.430322235604373304e+01
-9.100536560748591342e+01,-3.528075386481389852e+00
5.384477874686162835e+01,1.245684793943585760e+02
2.728471594600563677e+01,9.023635629697170657e+01
-2.468038202341271869e+01,9.320997001397829251e+01
-3.846944755003708849e+01,5.477677065621312380e+01
-2.312076295172851559e+01,8.839290940342336000e+01
-2.080122184848061906e+01,8.767450760047029235e+01
2.001999466205945666e+01,-6.617289585829165333e+01
3.449268461693650067e+01,-5.885533225247860400e+01
1.974106754895356630e+01,1.470312330653304969e+02
-3.931308778054443565e+01,-4.737934389991463036e+01
-9.564657062652226216e+01,-2.385233802461886299e+01
-4.522328573467632395e+01,-7.308459252388293237e+01
1.707544900205833116e+01,9.597709499346790096e+01
4.707926294929583833e+01,7.785651150091192108e+01
-1.074245266640746195e+02,-2.622248987935024367e+00
-8.455969043409771757e+01,6.205726247259109485e+00
2.489061082209246578e+01,1.424353213487727317e+02
-1.516552779292259778e+01,9.843241816331223504e+01
6.417844950628141021e+01,8.605750906048639592e+01
1.562253473021184469e+01,1.473583410873445985e+02
3.098382245958723402e+01,-6.646697654599918792e+01
-2.013483793298223290e+01,8.185503872082597354e+01
3.801678302508265261e+01,1.447545508020768921e+02
-2.990410911276685013e+00,7.584355870570058755e+01
-3.801780502517675409e+00,1.407359755392545253e+02
1.519049705041805964e+01,-7.794935939523770685e+01
-2.521871812336610574e+01,9.035473675508497138e+01
1.135343729025034207e+02,1.385563324678757535e+00
2.276404312774386796e+01,-7.728969763692028039e+01
-9.783633727470872543e+01,-1.844247116021393573e+00
-5.602968912694140613e+01,-5.241295317570157408e+01
-3.001323888344744262e+01,8.453250643434610367e+01
-1.851844673025645704e+01,1.382010762451081121e+02
-3.709834829551009960e+01,-5.396090627942034246e+01
2.330878332933286856e+01,-9.365515515653676459e+01
6.077862332101195086e+00,-6.236016496365235895e+01
3.708386308952261601e+01,8.456241416218320239e+01
3.615600718063213748e+01,7.044437174219041253e+01
2.283630962850205037e+01,1.017274542203534793e+02
-2.317749716633642265e+01,-5.711735946911827710e+01
-4.254627939878634635e+01,-6.883204327369017506e+01
3.589378246416744389e+01,-4.528880301634877981e+01
3.233096489083704483e+01,-5.910752339681575762e+01
-9.118201816147926309e+01,-1.639211289370879898e+00
-8.235643225147816793e+01,-1.608179242106693252e+01
1.028450014274081639e+02,7.203192821033577165e-01
5.561326925171984215e+01,7.506083321875249226e+01
-4.509078982146967007e+01,5.123379969309979742e+01
4.812224711252190446e+01,-7.283308432774488494e+01
-4.936265670581034826e+00,-4.628594343853226434e+01
-8.742265829757492668e+01,1.778966465744563408e+01
9.243560993853705554e+01,3.285751840973054616e+00
6.015582631916541345e+01,6.307714798976567749e+01
-6.227053008098706499e+01,4.847707307434685475e+01
4.176607091326113874e+01,-8.579762397077537628e+01
1.462929751050322835e+01,-3.891840015142010145e+01
-7.548968079884907922e+01,-1.493451549616593255e+01
9.530670012224273080e+01,-4.553752050971870524e+00
4.296734489736498830e+01,7.641534701885495906e+01
-5.221093536530229073e+01,4.561590553642576396e+01
5.659217824611512526e+01,-8.341560893722130743e+01
1.597326202731815670e+01,-3.042071710834532539e+01
-9.330682980609968524e+01,-1.004838196500380576e+01
-4.520401468820448798e+00,-7.902304732944357113e+01
1.859949361751065666e+01,-2.848520587609418087e+01
1.672740175764460702e+01,-3.194815590829364282e+01
-8.261689993838318458e+01,-5.799330611575337358e+00
3.172979371074613297e+01,-7.582984466406830393e+01
1.180919574103728706e+02,4.378817689908296451e+00
-1.625320703815753021e+01,5.330925888324499340e+01
1.757355726424667708e+01,-3.299252927383565037e+01
1.195994276985597509e+02,3.057944952155024154e+00
-6.213262108411724682e+01,-6.771338295917077588e+00
-7.132421862146541969e+01,1.617092054840058424e+01
3.058045329796884459e+01,5.719125288657460260e+01
4.592495249013268221e+01,5.785960935643650060e+01
3.637000900871374398e+01,3.866332523126704501e+01
-5.712749154130999329e+01,-1.321469836172211210e+01
7.684698895564427801e+01,1.814238080218180116e+01
1.609118215200163604e+01,5.352681940932020410e+01
-5.011400821335441691e+01,5.460440087806354370e+01
-5.272058921688567779e+01,4.925212204007740269e+01
-4.677321423098680242e+01,5.536079532474173703e+01
-4.568958573502207088e+01,3.733619846492452155e+01
2.693766177063324463e+01,-5.884510295352385612e+01
4.233787909658202153e+01,-8.478592109087669826e+01
1.113651227920024809e+02,-2.152038504915130712e+00
-1.201834425708599419e+01,-6.586917529849566222e+01
-5.302869658383102802e+01,9.299466930768581774e-01
-1.281248872840638064e+01,-6.795819550337760973e+01
3.069728384037629709e+01,5.235559408046004393e+01
5.968816165015302033e+01,5.049891945380383618e+01
-7.077697634148029238e+01,-3.697151905663205618e+00
-8.102351018029999352e+01,-1.741335482331838591e+01
7.919708945300291703e+01,1.837918756085314342e+01
-4.224869663712694035e+01,4.445415201919068693e+01
6.010402107876348765e+01,8.770123776097021562e+01
9.495463342868316658e+01,-9.588418275762030873e+00
2.660152423803995347e+01,-8.683145960635695815e+01
-5.589323215648130372e+01,5.465287115605966051e+01
1.097897488335839000e+02,4.179427266634785365e-01
-7.485211967601384231e+01,4.036338362636472255e+01
1.118136897844834152e+02,1.166905182596269075e+00
3.080322738335746280e+01,-6.608116501047456381e+01
-6.605182582049528150e+01,2.810083585418462349e+01
1.145761803617154868e+02,-8.933324439779158910e-01
3.651695506560083260e+01,-3.977609622264520794e+01
-7.575231534838101766e+01,-1.516741389754685976e+01
-2.054250689579029299e+01,-4.026036897358865474e+01
-4.115088413009728896e+01,3.877911258659036520e+01
1.137747898045860921e+02,1.448887526778262158e+00
6.401085723322919030e+00,-2.929251400611428124e+01
2.229387986169501090e+01,-1.078109652737746700e+02
2.233515434149819257e+01,-5.400208378352756711e+01
4.388840193477179952e+01,6.617569492709753831e+01
4.554126025194317151e+01,6.047508160917976028e+01
5.743582893892067887e+01,6.838388840004442670e+01
3.649057942997296777e+01,-2.077849021354551340e+01
4.974815910568534605e+01,-2.039840329226756310e+01
1.369396315628347160e+01,-8.600032268261378476e+01
3.213492057729047957e+01,-4.346881601187919131e+01
-6.283717554206318567e+01,7.498660385966763542e+00
-1.119866415322221940e+02,-5.147897455561599500e+00
8.550495885112255223e+01,5.254755456854962148e+00
6.555004326876299103e+01,7.168295401616484241e+01
-6.457336900461726259e+01,2.828590964289426068e+01
8.631513331227575136e+00,-1.138827605539023580e+02
4.544845965606578719e-01,-1.630225595573389086e+01
-1.091606218789856797e+02,-4.653175189018383229e+00
5.775459489303114680e+01,2.484950589645939445e+01
5.056444524358622772e+01,8.882611555226849021e+01
-5.546655772518632688e+01,4.252968383593382384e+01
6.464539235780641491e+00,-9.058992325491125541e+01
3.078976579833402383e+01,-2.356692850714288667e+01
-1.058311824167462589e+02,2.824738524331563472e+00
7.903248562399095078e+01,1.357000696060623035e+01
7.563939447126156779e+01,7.901729130816649160e+01
-4.593643083440282027e+01,4.393422192373813573e+01
2.065765710359809049e+00,-9.665351688077652170e+01
3.396724512583246280e+01,-2.172480547212584412e+01
-9.049960931624855220e+01,-3.240268395208807384e+00
-7.921703792288577795e+00,-6.334436715931275330e+00
3.602626559589855759e+01,-2.025963573474763635e+01
1.244100272435702514e+01,-7.490818823378338820e+00
-7.638520845305077955e+01,-2.868951237019126577e+00
9.985767155346902513e+00,-9.276255299094336237e+01
1.249340747382703682e+02,-2.452622691777911701e+00
-4.485294524268653049e+01,4.457919015969791587e+01
1.511621508403552205e+01,-3.026213870768076575e+01
1.070223051182165364e+02,2.352173668597941081e+00
-8.623372109490433957e+01,-1.391065922919854181e+01
-9.118178636262450709e+01,-1.639789634952904152e+01
5.924846739209790059e+01,5.639682855247000504e+01
8.578535209063252864e+01,8.375290763524651538e+01
6.319460941143355370e+01,8.071066495254628137e+01
-7.923305752178428918e+01,-1.807520663274488015e+01
6.806373302247851598e+01,1.066872621470795366e+02
5.979585992104261294e+01,6.788527549179505627e+01
-3.702974515108603271e+01,4.842284350214855948e+01
-4.555164785979965103e+01,4.664930290446741168e+01
-3.873895595559703509e+01,2.738123822016126852e+01
-2.588463902367596603e+01,3.632562563853234394e+01
1.333901606044020482e+01,-8.772760378036781503e+01
7.736057914469486541e+00,-1.038598932402881161e+02
9.507873391327443358e+01,1.308556631912228774e+01
5.969449996401556824e+00,-2.177510425187027465e+01
-6.321297110876443526e+01,-1.213908212286212773e+01
1.151866032216500457e+01,-2.137151841733598090e+01
7.880765439315909759e+01,8.154596995333831444e+01
8.103673104169125452e+01,8.803632526056090057e+01
-5.036974222350841046e+01,-3.646345401084258242e+01
-9.456257819156348887e+01,1.037389698985717645e+00
1.059204664887021039e+02,1.553580372582457292e+00
-3.687858177098289048e+01,4.661970665799947966e+01
2.053484257152644332e+01,6.089676291991672485e+01
1.051107302035914444e+02,3.802944908570589089e+00
1.500645138345265472e+01,-1.116661443877197115e+02
-5.882957350431359345e+01,4.442884069540615144e+01
9.885782121997671368e+01,9.167825847077252233e-01
-6.055947850598921178e+01,5.499686974088179170e+01
8.993011300223855642e+01,-5.375785043107161876e+00
1.346521897856632499e+01,-1.038637462901892548e+02
-5.722400959889525041e+01,5.353845090378582228e+01
9.010424952476070359e+01,6.894397423408377357e+00
1.105855308117095781e+01,-1.245582729995752800e+02
-9.431550023520000536e+01,-6.910913424504570912e+00
-1.291540572520848329e+01,-3.203284305229453111e+01
-3.577334585305575132e+01,5.346040518188977586e+01
9.661408487515218724e+01,1.306290563682527228e+01
2.875942805445937012e+01,-1.734657643794172444e+01
9.854976505728890501e+00,-1.031694436829187111e+02
1.316146235998664338e+01,-9.597558880250780078e+01
8.071794868359148722e+01,8.016562699678382842e+01
9.002806920936706092e+00,4.198633240211890438e+01
6.013333440418575293e+01,7.035187534224705530e+01
-2.234899335361245676e+01,-1.815878403679729658e+01
2.700945108010845530e+01,-2.262337542446935501e+01
7.953250371000113894e+00,-1.105166077749119466e+02
1.185168935395935819e+01,-1.107138775161332802e+02
-8.780010816014433317e+01,-1.811906756370556693e+01
5.920709762510604435e+01,1.182366178277330135e+02
4.997634014261581115e+01,7.421910397377476443e+01
-8.080183243207633836e+01,5.281384584781260827e+01
8.625825408389896864e+00,-9.659635799017277691e+01
-2.837276074326082309e+01,-4.320796940451762680e+01
-1.070681237099242367e+02,-1.847187835838870251e+00
5.794208649633266361e+01,1.170295993884530077e+02
6.742348146320368585e+01,8.897828961527318370e+01
-8.142118051408913004e+01,6.034938768140417409e+01
1.285542151364216856e+01,-1.098297588643357727e+02
-5.833178042672160046e+01,-5.105689619979516181e+01
-1.058837164741615595e+02,-1.766816381073192055e+00
6.119231252946359945e+01,1.210082683840366826e+02
4.577429766839557601e+01,7.340344674302524197e+01
-7.910436362614375128e+01,5.357093994409419224e+01
1.647184646054671830e+01,-9.685501796486184389e+01
-7.351706673286594196e+01,-5.961899717229584184e+01
-9.718963480987444825e+01,-9.951859859460542523e+00
-6.884298036049942482e+01,-5.313318127973798255e+01
-5.303020982212368750e+01,-3.320696278833845838e+01
-6.227773043424188160e+01,-4.419792359283815131e+01
-1.077332990019794892e+02,-3.686202273492883208e+00
9.475302293991253677e+00,-8.000847801188103858e+01
-1.799246405791060965e+01,1.208055075867139863e+02
-8.919891469348370094e+01,5.015368758435718632e+01
-7.789145112654388470e+01,-5.514101861265027793e+01
3.337192188461694631e+00,1.383190103848938861e+02
4.191625489784915715e+01,8.630302246990781612e+01
7.876823204564084691e+00,1.068850443932542476e+02
-9.731493004043862527e+01,5.245503655111075858e+00
2.264775542213354598e+01,1.374134939385574796e+02
2.524236119842117887e+01,9.423150037466034235e+01
-7.561943282784601195e+01,5.365052519237523398e+01
-7.588913808071112044e+01,6.067404741708236315e+01
-6.853517465435528777e+01,6.768990017287815419e+01
-9.701106464587300593e+01,3.847098349526059735e+01
2.861371295133080750e+01,-9.178310254036422577e+01
2.031673923048776587e+01,-9.674012987350390347e+01
-1.678052411600162230e+01,1.349052098964276070e+02
-5.237987005373925342e+01,-3.288680732657535088e+01
-1.099138584440846813e+02,3.871977793495896547e-01
-6.627075713384866162e+01,-4.348089175848544130e+01
1.495766845455003136e+01,9.295359342035210659e+01
1.354989110283304576e+01,1.036123504413934739e+02
-1.125812299761576583e+02,-5.865535933899526100e+00
-1.100569217423945929e+02,-5.566054255122863254e-02
6.117719832796321811e+00,1.382319696364559434e+02
-7.826727862421209636e+01,4.991403568347578812e+01
4.028035570522764175e+01,9.193805227601403374e+01
5.606967711370344176e+01,1.184888605530152148e+02
1.668184731182583391e+01,-1.230519722740575759e+02
-7.634313985428111948e+01,6.275385513311970698e+01
7.662387230580284481e+00,1.382479719753570180e+02
-8.525544951419834661e+01,4.601071380126427357e+01
-1.389373330774388293e+01,1.396782365852095324e+02
2.382859329797969394e+01,-9.911491575208688687e+01
-6.688830929742864839e+01,5.386286144585775304e+01
-1.537973816859654796e+01,1.383661675351658857e+02
2.160807350606468802e+01,-1.026676106597904123e+02
-9.915926195223715922e+01,3.260037894465410147e-01
-3.845564387985486121e+01,-3.215362949208930132e+01
-8.959978419860013332e+01,4.606163359590595263e+01
3.554974101726176627e+01,1.269144839942030387e+02
-6.074180177205528253e+01,-4.045997275068364729e+01
1.108474992146784999e+01,-9.641712571891802952e+01
2.074126584180961430e+01,-7.526526346162754066e+01
2.542125536762150873e+01,9.510229786982858968e+01
7.109799656847093807e+00,1.063169565078488148e+02
4.094571173090292149e+01,8.982808284035934321e+01
-7.115753082932086215e+01,-5.609766370317711193e+01
-5.982969820907647573e+01,-4.628335584725308394e+01
1.923474434963764779e+01,-7.189697802650225356e+01
1.079440849989657281e+01,-5.666875735909872702e+01
-1.191930298220157027e+02,4.771179076824412668e+00
-8.585560266845165245e+01,5.026906173312716497e+00
1.136339121830914820e+02,5.936143183274086965e+00
5.604931019827196792e+01,7.962174505289686977e+01
-4.575807923077871919e+01,6.996605003921344235e+01
2.037922139729401394e+01,-5.608921563844504021e+01
2.490529687009274795e+00,-2.816118523633734938e+01
-8.174262995474070692e+01,-6.440612739077121063e+00
1.042612742450087211e+02,4.575475293548857958e-01
3.703449491393475057e+01,7.272317202146773241e+01
-4.984943318154117975e+01,7.059870388736499081e+01
1.824082435026842930e+01,-6.716380424064695376e+01
8.628498989105043648e+00,-1.410437787656243813e+01
-9.997902540312496455e+01,-9.455782031743018123e+00
8.409271109937937183e+01,7.066909096413035440e-01
1.684426610581915895e+01,9.286685432343276148e+01
-3.872322106057929147e+01,5.434432572018445740e+01
1.658700429086593786e+01,-6.684801336320742848e+01
-4.149647091725371695e+01,-5.551050038801506048e+01
-9.679449892472827344e+01,-1.008007816625326569e+01
-6.159175233005881545e+00,-3.125347538144595205e+01
8.650492932003476909e+00,-4.047109089759619138e+01
9.520104304695944819e+00,-2.864954048221881777e+01
-9.026836852142297118e+01,-1.318572212103379293e+01
1.848124867419434025e+01,-7.698321880154426822e+01
1.104009897115837191e+02,6.592062792237513236e+00
-3.467907676715989851e+01,4.894125027645783632e+01
-1.957864767266215722e+01,-3.293596260687724708e+01
8.719346872667792070e+01,5.326992236485870169e-01
-8.837354031087183159e+01,-2.119809811598203808e+01
-1.056285452606200863e+02,-6.562433795819112348e+00
7.290790002129119429e+00,8.664832866958604995e+01
-9.980348715806786686e+01,-3.869300305876113732e+00
9.424008971986806671e+01,-9.395221889178399621e+00
1.104426744143875005e+01,8.845563457225057391e+01
-5.462137710782688060e+01,6.712914122550719753e+01
-4.939827337517684924e+01,4.212334273513171468e+01
-6.216043249344110677e+01,6.718749352263144203e+01
-5.006279815620599294e+01,5.853126560658581212e+01
9.086177539380322798e+00,-5.828989317687719307e+01
1.375641875888299737e+01,-5.686841924411140781e+01
8.566926505703217742e+01,2.456665484369704888e+00
-2.495758468024871846e+01,-5.034719804313892411e+01
-9.424345374413441334e+01,-4.261678240148888186e+00
1.528992797939044657e+01,-2.397915299185318361e+01
5.398715121201053124e-01,8.900032864054526272e+01
3.117406821422110674e+00,8.179662303462555428e+01
-9.865439869489749469e+01,4.439366859100025486e+00
-1.012730531473681310e+02,-2.051030918633881761e+00
8.892616324151784113e+01,2.081656592194998989e+00
-5.669492249159087294e+01,6.208449015726927200e+01
3.576620978867581613e+01,9.160947982866926509e+01
7.994322230370475779e+01,1.156936893213758388e+01
1.481594630445787786e+01,-5.782261970075430924e+01
-5.143047002483034191e+01,5.991118638466997481e+01
1.109992802783527566e+02,6.526142594433752997e+00
4.463458357041942826e+00,-9.770829056081680619e+00
9.072699384632645092e+01,5.025606740036386633e+00
1.692955469988836015e+01,-5.018078220677426771e+01
-4.610077208482545075e+01,6.338356810682383724e+01
1.021157728673614145e+02,1.635494125744129112e+00
2.325404833976211449e+00,-6.319650104497772247e+01
-9.721560911706751540e+01,1.717555613298638040e+00
-7.234203393833329443e+00,-3.694471224345519289e+01
-5.227619220544467993e+01,5.185767792460995906e+01
9.183065703790067857e+01,1.827245901053741850e+00
-2.027098535280428493e+01,-7.128152956202886514e+01
1.231252417747194983e+01,-8.635871831554989342e+01
1.017529858399686660e+01,-6.962105741883328847e+01
3.942962105330149569e+01,9.051666355588687907e+01
3.231315706018668266e+01,8.487691424122616013e+01
6.096738170745347851e+00,9.013428756992617252e+01
1.640239219024328321e+01,-3.100005989142559670e+01
-3.829470031283080722e+00,-5.685765880616082768e+01
7.532231926899472185e+00,-7.031760900121396674e+01
1.593856423839841518e+01,-3.918928383639936186e+01
-9.331850082539563118e+01,3.321401449806548278e+00
-9.018651668263322563e+01,-4.396720758221406733e+00
8.486682352438523935e+01,-1.891600424764161659e+01
6.251412830553476141e+01,7.478761985439339810e+01
-5.344111045389647785e+01,6.698373280459330203e+01
-2.363761428093933414e+00,-6.530562832667361306e+01
-2.390215089680851790e+01,-6.839905074755850478e+01
-8.614761603873222384e+01,4.327698177785367584e+00
8.470530918322729974e+01,-2.189322717792520478e+01
3.842841144501069550e+01,7.326728071518373042e+01
-5.294311353223540095e+01,4.509457593452501101e+01
1.395939664971204941e+01,-1.012191825123901339e+02
-2.904290223771766222e+01,-5.780331103303116436e+01
-9.603247754703214412e+01,-9.376126633225041473e+00
8.693003239389314274e+01,1.027055231089731357e+01
3.719279976697607282e+01,7.852769880374151512e+01
-5.460317008833899877e+01,6.033850585541029687e+01
1.865735118284363736e+01,-8.313381477440741207e+01
3.432636515256078269e+01,-2.761898192269821806e+01
-1.002854310454967361e+02,4.374626839731681760e-01
-2.286066231973416762e+01,-4.254145967355091784e+01
-3.447807222673809946e+01,-2.852356011807205149e+01
1.157608075167729744e+01,-1.089565315855790750e+01
-8.514667348256311641e+01,-1.525424766106572072e+01
1.465425010089822422e+01,-1.009841856790675791e+02
9.438604102075042590e+01,6.288742641698775060e+00
1.512943827624411419e+01,2.115430738699811997e+01
-1.432226284036620712e+01,-6.691966587816501999e+01
8.139020727671024247e+01,-3.683495445738136809e+00
-9.436888325606378203e+01,-5.499012499545017363e+00
-9.197296756558995412e+01,-6.286869130462961586e+00
2.586402181754587914e+01,7.599696157554751608e+01
5.984105347151016474e+01,6.812399682618904251e+01
6.012339017755308390e+01,8.638031425101621608e+01
-9.509774002733429654e+01,-5.533460942498031443e+00
8.662989685410187235e+01,6.395949905382438239e+00
4.496836844863509697e+01,7.106418317411038288e+01
-5.616194467988974282e+01,5.350964940617118515e+01
-2.332557597867142007e+01,3.382773261513101914e+01
-2.321557435248049828e+01,3.137109575345923318e+01
-4.687815686940296445e+01,4.575662976483549471e+01
1.058567034999858691e+01,-1.125989806534967244e+02
7.235191931870081028e+00,-7.941596837683584909e+01
9.169595725263221198e+01,2.624384448375518986e+00
3.027480237210657066e+01,-2.642730323593874786e+01
-1.015910996288291557e+02,3.386206775863830565e+00
-2.285623972094668588e+01,-4.345217798482688210e+01
3.665410506231148702e+01,7.100854040112020016e+01
1.426269841402433869e+01,7.048184205198081997e+01
-9.717496262656531769e+01,6.183094264504099158e+00
-9.152032970631474029e+01,-6.061751876205844880e+00
8.575298021363929024e+01,2.683940292186514309e+00
-1.819177152516743945e+01,2.269931374278707281e+01
4.595842597414359432e+01,7.465463792706337642e+01
6.512248767176387787e+01,4.395432956935599655e+00
1.193746484125857599e+01,-8.482075064762238981e+01
-3.027211917780563866e+01,3.734690287659019248e+01
9.309429197741377493e+01,2.631930527363991246e+00
-5.154646045402952126e+01,5.732440916729724734e+01
9.444162743534772630e+01,2.163294123056385132e+00
5.870502945043541310e+00,-7.804347872303151235e+01
-4.521759618111775580e+01,5.391916296615051607e+01
9.062068779509073124e+01,-1.219784223610313312e+01
8.176963643553639471e+00,-9.222257341413065035e+01
-8.869645514620164306e+01,-2.072156023022559523e+01
2.071442930548847627e+01,-2.897688086898647342e+01
-2.003815361020005170e+01,2.550944858389282288e+01
8.140765981135480445e+01,-2.994628156908365924e+00
2.292965224997338680e+01,-2.619908881076439400e+01
1.173074530450063335e+01,-1.012098893384742411e+02
1.171494188486079668e-01,-7.915867413309482004e+01
6.943835290148707884e+01,9.110163986858287899e+01
5.209572506753313093e+01,8.846345609726994041e+01
2.807496654453874285e+01,8.365967266097224808e+01
4.725937726515025616e+01,-2.220160922240095402e+01
1.477553548717533616e+01,-3.081522733971165806e+01
8.706197274281342047e+00,-9.313114647916862054e+01
1.325995385536903548e+01,-6.625428138942814371e+01
-9.069147445895154647e+01,1.796789757727490411e+01
-1.022724024777323137e+02,-1.373233017549597967e+01
1.125750728089142001e+02,-2.011051135007569002e+01
9.460439012622218868e+00,8.626490993398208218e+01
-4.483861188232524597e+01,4.578836965397685788e+01
1.764669299167976746e+01,-1.182917113894089169e+02
-4.695049276209828548e+01,-6.976683783801856009e+01
-8.644479333470086146e+01,-1.784101790411810384e+01
7.300004730590383417e+01,-8.478730693541869812e+00
-1.579456759468155447e+01,9.678751673562469193e+01
-4.210256655486944766e+01,4.571719563528851893e+01
1.723302110250411445e+01,-1.207762644328250019e+02
-2.941781491421994943e+01,-4.626377577766110250e+01
-8.156435237709433750e+01,-1.518714041114817448e+01
1.039672157247787396e+02,-6.614772141051129495e+01
1.010154463150264270e+01,6.987322034475464250e+01
-7.323620371731412604e+01,6.594820446011280524e+01
1.813510054872904576e+01,-1.229823786687718155e+02
-1.140499421125888269e+01,-4.803087344521682667e+01
-1.005818624470474134e+02,-1.157297981274187748e+01
-1.685882682153399514e+01,-5.040584946530883315e+01
-7.345840349977302175e+00,-4.078888803138596586e+01
-1.828826731930936589e+01,-2.941022095528174773e+01
-4.876483826628027884e+01,-3.871872447883841062e+01
1.496932668131896804e+01,-1.159344122150685052e+02
8.993576770199231873e+01,9.256135304721995638e+00
-6.132708404875557306e+01,5.172730419166047255e+01
-2.620181537722424991e+01,-5.965592224681761024e+01
7.956643001058689890e+01,1.076390323650674574e+01
-7.371330279507901651e+01,-1.488646370391466078e+01
-6.495982571827308050e+01,-1.167296504487564057e+01
1.547844581235745975e+00,7.887860212904686819e+01
-1.122526742405656464e+01,6.886907887039565423e+01
-1.762917951415340667e+01,7.169522389339142876e+01
-9.528003267071538573e+01,-8.912843703154898378e+00
9.900532719948844829e+01,-2.735541921549463851e+01
6.784412861069064604e-01,8.160604049345965905e+01
-3.974336289169125536e+01,4.728082295068265495e+01
-6.453600093327894172e+01,5.247885139471319604e+01
-5.755856837108515833e+01,6.039010575590549479e+01
-6.525946042742513953e+01,6.368851182395030008e+01
2.043502118483248609e+01,-1.209856787208136240e+02
1.118322810153332902e+01,-9.877246452095469920e+01
7.892043369840264688e+01,1.056019297199533646e+01
-1.803291066679389587e+01,-6.111014380604990492e+01
-8.742680779538395086e+01,-5.819178140729221127e+00
-2.026801751644337202e+01,-6.942288765227191050e+01
1.887091363997659244e+01,8.931630334957071682e+01
-2.290717740881582287e+01,6.237577096459391157e+01
-9.599108484237666516e+01,7.319691467994348111e-01
-8.083229341941409984e+01,-1.746548659126135661e+01
9.291274900274525805e+01,-1.536414901087933416e+01
-4.532761725371420169e+01,4.285651186793661793e+01
1.134971645511694049e+01,1.048470165058917587e+02
7.145215615221093231e+01,2.021149123833350103e+01
1.012634040765625265e+01,-1.022111662105940582e+02
-2.473515989905334678e+01,2.843440858736659749e+01
7.606794056929282988e+01,1.226036297790954777e+01
-6.269890472063156750e+01,5.662806797512991608e+01
8.910292079794596987e+01,4.373738823984345103e+00
1.869688677988098391e+01,-1.244769600711165367e+02
-6.060094612680455128e+01,5.611301771068720257e+01
9.584120861703576111e+01,1.502648430794608359e-01
6.424004624848858036e+00,-7.595446461489440537e+01
-7.977142270336277363e+01,-1.694321416768072552e+01
-1.404303390286944087e+01,-5.263028157498655446e+01
-5.444865034124075009e+01,5.735400971314880536e+01
9.745699934372457562e+01,4.384991855189057652e+00
-1.916746144930987228e+01,-3.266466136000890685e+01
1.418833118434486273e+01,-1.144076278495461025e+02
1.423753098252302429e+01,-1.076185222896627920e+02
3.474510242277562444e+00,8.996530655147596178e+01
1.515680969631932218e+00,9.142632102431203123e+01
8.253116358909110772e+00,1.030269103188333730e+02
-3.213549104831540859e+01,-6.700182729972922857e+01
-2.336608907632932741e+01,-4.243374902865264886e+01
1.748878592670999055e+01,-1.059314653013031204e+02
7.608485472303303965e+00,-9.730649701308983879e+01
-6.003540602154018302e+01,-3.000011670964183352e+01
-9.993540358021108716e+01,4.203841077180241470e+00
1.118139532800624067e+02,-2.024851392723280696e+01
5.943703068760541441e+01,7.495522027926622854e+01
-8.600112364749389826e+01,4.838468748640518413e+01
3.167161724082718877e+01,-7.215168845173376155e+01
-3.351529867615734304e+01,-6.061239823635864354e+01
-9.402900098933839956e+01,-1.269754950191428700e+00
1.193279077481490731e+02,-3.270184031597033680e+01
5.750084552554455541e+01,8.204960717142775195e+01
-7.491671680452343196e+01,4.613804133336542890e+01
1.521455977157856410e+01,-9.525438085126300791e+01
-4.914840166485965511e+01,-4.756867525992630874e+01
-9.295166433940632089e+01,-4.077806694810730548e+00
1.045949295681338924e+02,-3.875301195430137824e+01
5.028684318191450586e+01,8.764468357825472822e+01
-6.566291016820703419e+01,4.387112813855535620e+01
2.400280373273112389e+01,-8.240906061497338442e+01
-6.372786226689821376e+01,-7.337053066298416582e+01
-9.627299026899457601e+01,1.094181976191236361e+00
-5.621593580979570959e+01,-5.301135470460627630e+01
-4.471699884555768278e+01,-4.914927554311398694e+01
-5.127898911885471733e+01,-4.848893719198590446e+01
-9.656499150663522357e+01,-1.997702516597935629e-01
7.650014991020652744e+00,-8.639425692690571168e+01
1.203619075770257041e+02,-4.628568353968014293e+01
-5.019132737424159529e+01,5.485546176117814099e+01
-6.358302263404354449e+01,-4.425391169935348756e+01
1.107879955194623136e+02,-6.541428542360411313e+01
-8.470853866196385695e+01,4.781923733369827012e+00
-9.062173187885126424e+01,-6.572948701295568963e-01
1.912016658176665729e+01,9.543596707684429248e+01
4.942189911706479677e+01,8.699131773285648705e+01
3.985229286718025321e+01,8.470165015397716957e+01
-1.009850461510738739e+02,-7.670461561232317038e+00
1.288907823081545985e+02,-3.103739835780105949e+01
4.270209465852325081e+01,8.155383606974380939e+01
-7.450005710739469578e+01,5.435364526141199804e+01
-7.094414421049064856e+01,6.096342817101057676e+01
-7.843844745732529589e+01,5.653316989727814956e+01
-6.331580848175313747e+01,5.349352345765516503e+01
2.102719558105389197e+01,-8.434994200382008955e+01
1.283323585664675015e+01,-8.363640722394434590e+01
1.283589336681636723e+02,-3.130320931684337893e+01
-4.989326197084774606e+01,-6.929834672086829528e+01
-9.785796696536955608e+01,-1.017297547364611709e+01
-3.034275236274114462e+01,-5.465330781386387571e+01
4.761473727202139372e+01,8.913719144971578601e+01
3.794064253563205824e+01,8.965812085621593042e+01
-1.011459008987942809e+02,-1.075576445221231658e+01
-9.054170398011586940e+01,-3.661015015571058129e+00
1.273490774851196647e+02,-4.503093799001143793e+01
-6.644726098970376427e+01,5.715956947798461840e+01
7.075632497992405945e+01,8.253745736601538852e+01
1.158545189541642202e+02,-2.041284576451979049e+01
1.442510230350251987e+01,-9.066329947917080290e+01
-4.885777991667657716e+01,3.752399634831658659e+01
1.055318063605139258e+02,-3.940643878080874174e+01
-5.151554245544862454e+01,4.839737712592468455e+01
1.211471134080774874e+02,-4.509229363808859148e+01
2.352249725184934093e+01,-8.286971289375648553e+01
-5.669209220539582361e+01,6.458395576499135871e+01
1.182074380661463948e+02,-5.754913730798165972e+01
1.937061596075018599e+01,-7.839946943032821025e+01
-9.879899642051486808e+01,4.676166281507289746e+00
-5.055849870857826289e+01,-3.982120257936359309e+01
-6.047351643223837669e+01,5.045284113842889440e+01
1.296546725538414933e+02,-2.747975803094679037e+01
-5.913698265289126255e+01,-5.253890641901415393e+01
1.313111598652178813e+01,-8.455898452683848632e+01
2.920472425734221744e+01,-6.034012458495640630e+01
3.653415203682306611e+01,9.182114329319706769e+01
2.002191327862779247e+01,7.171889534281234546e+01
4.673105149007579229e+01,8.233547182168551615e+01
-3.182276129573522283e+01,-5.569587908941019805e+01
-2.318783806886991172e+01,-4.743667042421100888e+01
1.933244453975082067e+01,-9.222197360612634043e+01
2.103477822899784044e+01,-7.960122106312205403e+01
-8.746960016894715295e+01,5.803404752786265774e+00
-6.400117528939226474e+01,-1.108496170102516842e+01
7.829539464825745654e+01,-4.057974197758960955e+00
4.714619518867856840e+01,7.790957506186973092e+01
-3.836390134011866593e+01,5.108851605439985377e+01
6.079069667939180022e+00,-6.617818696609108997e+01
3.987282880697449627e+01,-2.467379306908631520e+01
-6.690377847819213741e+01,-2.104417085685379263e+01
7.499487253795095398e+01,3.731161165127804491e+00
-1.676033436422728329e+01,7.038997541335407959e+01
-4.374292157191896280e+01,2.516652300277251086e+01
4.648446350942130323e+00,-6.863390909511130644e+01
5.072662032538244858e+01,-1.909036056744766796e+01
-8.018739436268901954e+01,-1.495008966320772892e+01
7.611591382564996877e+01,-7.434073658158907527e+00
1.279278926556523288e+01,7.121659493861116630e+01
-2.777634921215075181e+01,3.902897502063521529e+01
1.383394246511784331e+01,-6.647526327505852350e+01
1.259711327888575738e+01,-2.345686504850084830e+01
-2.481294273698229702e+01,-5.522500375693709884e+01
4.880219561695872699e+01,-3.144214767538679123e+00
2.139687801267959699e+01,-3.110007825260401404e+01
5.298011235183703604e+01,-1.519289614163500524e+01
-8.125240860807419097e+01,-1.636176710303813664e+01
-1.190507704668634981e+00,-7.734151653587987596e+01
7.674768510048168935e+01,1.574932890267740859e+01
2.918167802247461307e+00,2.714243024316084529e+01
3.468046640959790494e+01,-3.078869963860782732e+01
9.170207467221658248e+01,9.523406302835303094e+00
-4.690689172356238856e+01,-4.231747695890048533e+01
-8.162853534433591562e+01,-2.222172968568559881e+01
-3.738230729772264738e+01,4.374960858281374243e+01
4.256846391731247792e+01,8.445667874165737032e+01
-1.830832836980487599e+01,6.974796930038900200e+01
-7.212744949227877100e+01,-3.094884652733962938e+01
8.539046194749411711e+01,6.506111648478817955e+00
5.312889736516426353e+01,8.190271336628076426e+01
3.422160161127794531e+00,1.985067973897850635e+01
2.441300078333025425e+01,1.829558677524942922e+01
1.852376284460073919e+01,2.886496915523978402e+01
-4.308294732303457053e+00,3.190974478402390702e+01
8.272593537506896411e+00,-6.551259097698429912e+01
4.756876752272290076e+01,-7.948030655594553906e+00
9.599760528189791842e+01,1.867480187277874126e+00
4.162773981135480739e+01,-1.991001285427964262e+01
-4.811156460373062771e+01,-3.851500690125437387e+01
-2.954617291638221133e+01,-4.071524612327163339e+01
-2.302565706661555112e+01,7.139217524864277209e+01
-9.433093323643147698e+01,2.458340856279586983e+00
9.139905882615504140e+01,7.558966079096392399e+00
-2.606571991743053474e+01,2.873479557304338883e+01
7.581997329915135708e+01,7.042772120948316683e+01
8.878801649501710358e+01,1.336137749005213671e+01
5.349382861766761721e+01,-5.954824127350407892e+00
-3.783766533102440377e+01,5.571846114016569373e+01
8.524515393149802378e+01,1.360621129684940556e+01
-5.556024693725693453e+01,3.259325649387587731e+01
8.776999936467714747e+01,4.203632696392388013e+00
3.602581465843795461e-01,-8.291824208673864405e+01
-3.522634065150717220e+01,3.751391047173561333e+01
8.370612838360081298e+01,6.506644669419153537e+00
2.256208766208690264e+00,-6.424196418644505968e+01
-4.913951030301588929e+01,-2.058013581715200857e+01
3.660390324890430946e+01,-2.443077167768482028e+01
-4.678965930998472089e+01,4.745553621616041795e+01
7.475324842748757703e+01,1.734962447248424411e+01
1.681821299904110489e+01,-1.923687609785301689e+01
1.783358536792819526e-01,-7.676026433621743195e+01
2.553072164689995915e+01,-4.491430590650539756e+01
6.898755281618917934e+01,6.678743864452225409e+01
-2.765329338264661541e+00,6.842937678432274140e+01
4.507485174737038136e+01,-2.425620514327219723e+01
3.397473924373210252e+01,-3.528212399580691283e+01
4.772315560226492437e+01,-1.373141124272374114e+01
-5.241313437678343234e-01,-7.615412303590156284e+01
-7.457566900771008989e+01,-3.054273363099621719e+00
-9.445850201050204475e+01,-4.313335912447726628e+00
1.107029385486651023e+02,1.644902759595970432e+00
5.262675078613617785e+01,7.347223118024906796e+01
-5.261346356773620414e+01,1.312306961871508904e+01
6.170442936621357433e+01,-8.743878753025900608e+01
-2.347953153624482781e+01,-6.574440182862832671e+01
-9.730661294462252897e+01,-6.749012882058480933e+00
1.179862558046513215e+02,-2.020528702184954395e-01
5.082498805679054499e+01,7.589203825678946203e+01
-5.451759634117138376e+00,2.642471541306799310e+01
9.073730585205016297e+00,-8.307364039494996177e+01
-2.327567059349454581e+01,-6.670033617048152053e+01
-1.058978365798846824e+02,-4.664001406875373235e+00
1.036615589898874390e+02,3.196948587758181137e+00
3.563185752201093948e+01,6.973886874572258421e+01
-2.832437066494903277e+01,1.556172600451073507e+01
1.269391459817935974e+01,-9.405643006290173957e+01
-1.002031803047363923e+01,-6.939846709980523087e+01
-8.574766420528992228e+01,3.977820709626679552e+00
-2.520940958397456200e+01,-5.273321693533804932e+01
-3.309646378899419972e+01,-5.822548456648316773e+01
-5.865644137301649685e+00,-3.374011122921217520e+01
-6.058966918493480591e+01,-1.288894150361587343e+01
3.636432633536504921e-01,-8.332972564129525495e+01
1.125079583496416973e+02,6.307928274368780341e-01
1.511237059991401743e+01,1.700425261053293724e+01
-2.049821816969746990e+01,-6.512858238427858737e+01
1.050050868479837334e+02,2.674160904491076796e+00
-8.510129170918753516e+01,-1.155627585173743554e+01
-9.278456338696037164e+01,-7.544715274558686069e+00
7.155121464169634748e+01,8.778756327405433524e+01
6.003530315047032673e+01,7.163666094731556200e+01
6.674987812233362661e+01,8.915807319799455399e+01
-7.233272747859960816e+01,-2.261287897342969444e+01
1.068404528127841502e+02,-1.629540727511941789e+00
5.799280766395243347e+01,8.681866822180587917e+01
-6.755759121946564250e+00,3.414009965617298548e+01
2.728799973212267460e+01,4.428723843678587713e+01
-5.730265761103976274e+01,-4.058918504661150450e+00
1.224717745904220934e+01,2.078990804733974329e+01
8.155939969531782907e+00,-8.178982479288005436e+01
2.977514897448589437e+01,-1.087591047103170752e+02
1.136663421057659207e+02,6.511829126016777991e+00
-3.570527876789636679e+01,-5.359921711963832536e+01
-9.026454516480153245e+01,-7.797885450459135726e+00
-2.203151845428723021e+01,-7.671266585517719250e+01
3.871647116029836866e+01,8.934529444640365625e+01
3.919500262103875343e+01,7.142652598476348658e+01
-9.827492056156302169e+01,-8.912964522860645999e+00
-1.000373614908524900e+02,-9.178419858961381905e+00
1.164608477297664422e+02,1.493799405524721957e-01
-1.546758411089960994e+01,3.394705694678027896e+01
4.306617675127055378e+01,7.133250714024659089e+01
9.527225731785344465e+01,4.856434192787556725e+00
2.869484551617731327e+01,-1.117617179250287762e+02
-2.553763337789836640e+01,4.270134588867142611e+01
1.068917777137467056e+02,5.350350158676905110e+00
-5.798098071741991077e+01,3.376330970764580997e+01
1.092410398102772859e+02,9.803370600585737948e-01
1.294663929691331283e+01,-1.092802857335528728e+02
-1.670245382584207405e+01,-9.926557902543302614e-01
1.209875478111397484e+02,-1.881541437659850047e+00
1.830897418002798105e+01,-1.029102508462230645e+02
-7.537036257125592442e+01,-3.283939730131137935e+01
-4.390197192000785975e+01,-7.057059225493105714e+01
-3.916176183088118279e+01,3.915934789831263174e+01
1.129281250890633146e+02,5.032136899656180162e+00
-2.483303022715807273e+01,-6.815647232039759729e+01
2.115133016292092449e+01,-1.022437802384909276e+02
1.842716024004135278e+01,-1.157832120365069954e+02
3.498655126043098562e+01,8.728003174625096960e+01
5.011174328155551194e+01,7.264974325517535192e+01
5.417077051036562807e+01,8.846848080526071101e+01
-2.440028885890031063e+01,-7.647363334338585616e+01
-4.928417081589568483e+01,-6.078223348297152029e+01
1.504486678305040037e+01,-1.021247944085252186e+02
8.115105989442431778e+00,-9.336865473638411572e+01
-6.259048931332824850e+01,-1.356491211556714127e+01
