-1.371339265277838670e+00,9.913061232954740731e-01
3.661980432561092735e-01,-1.385259251741377984e+00
-7.366660677477621100e-02,-6.003066810820008037e-01
6.820429543302014563e-01,3.775253618182001780e-01
-1.218115182237871519e+00,-9.406674687616372044e-01
1.696905488150181052e-01,4.954345890538787711e-01
-1.700292065205252889e+00,4.274487185846778114e-01
-8.836140426044519769e-02,-8.838380332581647902e-01
7.374636788963175871e-01,-2.232045546361141330e-01
5.482431085399056547e-01,6.312587757085764695e-01
-1.646989966152281992e+00,-1.048261835428156763e+00
2.443415736005937200e-01,-5.945605097186033028e-01
-1.451947635118571833e+00,7.089954607839004108e-01
-6.433041573073783326e-02,-6.893504315676439731e-01
1.038831888457606212e+00,-2.427980210530066851e-01
1.458524062623596240e-01,5.607912259431977464e-01
-1.035864214624349744e+00,-8.222258698614708372e-01
-1.950903102779965870e-01,-4.334490805826748394e-01
-1.641285813534190563e+00,9.875179031396155160e-01
-1.637456606362782952e-01,-7.626683988016758065e-02
1.708445787163244967e-01,-2.632007467232509446e-01
1.347052709336588605e-01,-2.810574765931559971e-01
-1.437747593631777843e+00,5.323555567472073591e-01
-1.457409821680193396e+00,-1.124136493068278231e+00
-1.817536167473465247e-01,-8.349014115466814046e-01
5.934392077450509895e-01,8.177081926791412991e-01
5.048945012885559802e-03,-5.750350914018689252e-01
-1.092391187954305509e-01,-7.647547173852551339e-01
-1.281745418203923625e+00,7.768079034261984317e-01
-1.126599686546713830e+00,8.718757478557366269e-01
-7.353149916310453005e-02,-1.834178325721244618e-01
-4.116025117602618577e-01,-3.440699816997630500e-01
-5.583573031278343812e-01,-6.580216504423771484e-01
-1.514465069013832599e+00,2.872807745468768381e-01
-3.415922915739635357e-01,-8.063245104252696471e-01
-3.128318062982812786e-02,-6.167350615202426001e-01
7.220397375764358028e-01,1.361437731515586780e-01
5.661261597986084748e-01,8.371648192501403019e-01
5.010357874346560436e-01,7.987665732245127215e-01
7.212600158953396123e-01,3.403377308876608387e-01
-1.609166304562976491e+00,-9.374096410295902349e-01
-6.802599241688853660e-01,-1.128207614743732545e+00
-1.604196916211393098e-01,-1.012777673832821357e+00
-6.279363905970217208e-02,-2.424379038137303155e-02
-1.303475175333244085e+00,4.994774820756970879e-01
7.903461493288783946e-02,-2.001424017307875114e-01
-1.136659769018921740e-01,-3.980398126473376763e-01
-4.318154931927502549e-01,-7.825361464199522832e-01
-8.713183013523377873e-01,1.017099872209882294e+00
-1.155505021963600054e+00,1.101045197729167757e+00
-2.572678566595720806e-02,-9.003225313824838594e-01
3.116883362877863606e-01,4.452078914138722920e-01
8.361825568028421474e-01,-1.814619338501982926e-01
2.306766323924536177e-02,-1.333560968701179572e+00
-4.918567656969644042e-01,-1.160080027488201937e+00
4.126224981729857966e-01,6.921224320377228345e-01
-1.835939351980485357e-01,-9.140019476328551384e-01
6.901910654802789757e-01,1.092250461131236694e-01
7.157283481207514508e-02,-1.585248887868799805e+00
-1.030399086658116303e+00,-1.100217952583957937e+00
5.113785806849451276e-01,6.905659675544892906e-01
-5.747026098546989537e-02,-1.684908506171103770e+00
-1.241506090327154199e+00,-9.061745051764609205e-01
-1.167487654314330436e+00,4.965298428713681433e-01
-1.610424515186559269e-04,-3.104090445209588545e-01
8.011714283881821164e-01,-3.032275789660559551e-01
-1.477091065384036339e-01,-6.376955352501350038e-01
-8.767648796661453581e-02,-3.685695131833657823e-01
-8.334838495551608606e-01,-7.225654526458701321e-01
-9.975430635443658378e-01,-7.781785991456727780e-01
6.320002226480384566e-01,-4.562330135573001155e-01
-2.384298355678274306e-01,-2.827444608489793065e-01
8.601942941243105600e-02,4.107774863155559675e-02
3.033421963663954224e-01,-4.296063113374551934e-01
5.964379813626921600e-02,-1.686899452183689418e-01
-7.526754691610060277e-01,-1.299994574696923699e+00
-1.359067662443390168e+00,-1.065784168976043000e+00
-1.353832744192753346e+00,5.542711895172754977e-01
-1.183690856064808949e+00,9.189920375717119949e-01
-8.442216531337540797e-01,9.084281075313949128e-02
1.011248613741762448e+00,-3.055193987437885839e-01
4.894695253074359820e-01,2.710360233545758835e-01
-6.736557336831658915e-01,-1.576392156136221967e+00
1.818945799305101418e-01,-4.144099158344344280e-01
-1.448831508090397069e+00,7.469060503575778442e-01
-5.625153284227755179e-01,-6.681857633908259153e-01
7.884219783097775602e-01,-2.510457594217316291e-01
6.088795608936976578e-01,9.503025993776335056e-01
-5.303252781661987880e-01,-1.516472132427789443e+00
5.680365940047412687e-01,-5.976028116175573501e-01
-1.097670581031926940e+00,6.761879384037202678e-01
-4.897696659138804365e-01,-2.761015043131425095e-01
7.093440479042046887e-01,-2.334232517057496792e-01
2.114136964417417386e-01,2.401993850165493050e-01
-8.076958479819962289e-01,-1.441243872073158183e+00
-6.038510361097539914e-01,-9.075046541230268049e-02
-1.801266748770906201e+00,7.347612264632266132e-01
2.611666903858778088e-01,-6.981362515722628892e-01
-1.802289289014125662e-01,-4.222407859070507752e-01
4.169137500064645785e-04,-3.880787978339504396e-01
-1.603195316789705283e+00,8.573284506047151865e-01
-4.373233326445590263e-01,-1.735464678173152642e+00
-5.601285652272682825e-01,-2.684457980964342072e-01
6.192941698926173189e-01,3.487205977491524278e-01
1.994464000784421653e-01,-2.934552008234526110e-01
-8.927478827837820319e-01,-5.136483858856732976e-02
-1.387394617682435882e+00,1.027277742243221992e+00
-1.262875337671969911e+00,3.014334715543757204e-01
9.263955039041670281e-01,-2.227343036315799774e-01
1.024197770440162802e+00,-2.823805309168853084e-01
6.331909856641136924e-01,-4.316395572940659453e-01
-1.540806199610953442e+00,5.068559063749713545e-01
-4.089979662212575029e-01,-7.117744185724055317e-01
8.369067048367491157e-01,-5.231630633408089759e-01
3.816658285129416739e-01,1.012538695528206079e+00
5.635853442524412227e-01,3.956407699487204388e-01
-1.101515710203588849e-01,9.007986010733458615e-01
6.155611864050772875e-01,5.437445949788888289e-01
-6.289026804938463444e-01,-1.455524867491626573e+00
-2.525971479999258307e-01,-1.532133389963146408e+00
-3.615992643087022618e-01,-9.413039170706456460e-01
1.144300893520897588e-01,-5.017704586514726284e-01
-1.455876845608815362e+00,8.568094213373682599e-01
-3.366636920781682640e-01,-6.354397769737327173e-02
4.679544157621108313e-01,-1.597247544626529403e-01
8.640949779689246490e-01,-4.918041297722010041e-01
-1.676735660742834533e+00,1.435231028112811669e-01
-1.235256308417727933e+00,3.658388844738349466e-01
-5.146272322661276100e-01,-5.881506836759876622e-01
4.129287728516228828e-01,4.624364677692028303e-01
8.889104991658226540e-01,-4.235098737429236482e-01
-1.013671685433636394e-01,-6.216966233846904499e-01
4.477520971217595069e-01,3.043209230702759727e-01
-5.890665841459488128e-01,-1.515876083844761024e-01
6.096583624870672846e-01,2.913023815962782481e-01
-2.408215304562181525e-01,-9.364979115353837535e-01
-7.081992535886689755e-01,-1.731210040013613227e+00
7.913506528092717485e-02,3.814979441164185747e-01
-3.706071364637994470e-01,-8.763192736687474005e-01
-6.950028929326690363e-01,-1.760198609492938493e+00
-1.406738412219364465e+00,1.089589770182998851e+00
2.077216234370136694e-01,-3.080593936086541973e-01
-6.203726951977067694e-02,2.363144450550884734e-01
-6.410944679736125806e-01,-9.616698556971352563e-01
-1.893664266172310207e-01,-5.510814444203300244e-01
-2.865869323767146204e-01,-1.568871661456792133e+00
-5.929041812853286242e-01,-1.712040941824617413e+00
5.146989527411529597e-01,-2.060301024418515481e-01
4.674960321232381477e-01,-1.589027437254472708e-01
6.474260845497451511e-01,-5.492706858541744896e-01
1.053123040197573301e-02,-4.790282765088364481e-01
1.156838761492673395e-01,-5.602484007926311627e-01
-6.638233341787854735e-01,-1.264659528568607083e+00
-6.759870578449960199e-01,-1.564108181827892796e+00
-1.461672105362943341e+00,7.277436663892679070e-01
-1.500393613972708096e+00,6.142023589338324596e-01
1.750339825007789507e-01,-1.299817532484628835e+00
8.522437900926809196e-01,1.432398974624418675e-02
8.108155609232632344e-01,5.125588531380497193e-01
-1.055285774468847082e+00,-9.449453574162981484e-01
-1.806580295015849380e-01,6.840514317828736424e-01
-1.361860335646480458e+00,7.594546387763472239e-01
1.029010022603851632e-01,-1.280967542456469932e+00
9.632127588827031905e-01,-1.197981644959120878e-01
4.938168690475928657e-01,2.388901464776443939e-01
-1.297147432363349617e+00,-1.313785567657546505e+00
5.048620439297297757e-01,-3.773750513477410751e-01
-1.261267004144303483e+00,8.739993318527834454e-01
-2.090601582935704417e-01,-1.313428155187001956e+00
8.147922557332172300e-01,1.384908086447378395e-01
6.814203521147221831e-01,5.977426934379482804e-01
-1.146242242697643965e+00,-9.463371763677964621e-01
-5.380664357733756786e-02,2.226166400078222196e-01
-1.527810463640332017e+00,6.409351966780745258e-01
-2.279158022920807491e-01,3.320528221343648223e-01
-7.316298391206524365e-02,5.346619309917329810e-01
3.785988993678722492e-02,6.562248492408616629e-01
-1.240602441445923798e+00,9.407599128830272939e-01
-1.512323595105075524e+00,-9.848052263739718315e-01
3.341134225592846674e-01,-1.470553229903751369e+00
6.216339618968051983e-01,6.189169813846103763e-01
-5.380199728497930822e-02,1.482284425813051865e-01
4.568621760166421963e-01,-1.226147678646486439e+00
-1.064627724358264693e+00,7.805580056686582946e-01
-1.305202696666965867e+00,1.122293935561031741e+00
8.925347792224480603e-01,6.537752899805643336e-02
7.503757747987565008e-01,-6.890944438604801325e-03
9.268127241747114997e-01,-4.129066332621033480e-02
-1.305303411324791885e+00,9.981131997025557423e-01
-2.811981904079290384e-01,-8.998968096066024547e-01
1.005825943258165545e+00,1.062610671503407822e-01
1.038897035090930565e+00,1.842369054253632510e-01
4.076378612624919628e-01,5.737668402673155033e-01
6.899770739603183767e-01,8.072231965457220548e-01
6.760252614224101508e-01,5.012423302163030447e-01
-1.673669010080730990e+00,-1.056351592304671794e+00
-1.340878245635905408e+00,-8.685734905731876676e-01
2.750082986602812585e-01,-1.386949284146538730e+00
-4.424889941318854714e-01,-4.353997141210663724e-01
-1.183925799076200658e+00,7.967098161026415770e-01
-1.867907749337520407e-01,1.472244918340521458e-01
9.574710662625715019e-01,1.528704794491996810e-01
8.593086764967429181e-01,2.315341993211822436e-01
-1.568521592210819104e+00,9.979093141548597279e-01
-1.134061380378004413e+00,7.579010873817413341e-01
3.512314617732154032e-01,-1.358342503800106904e+00
6.782379441430251843e-01,4.999448338123334001e-01
8.123699478039847488e-01,2.696315797399881919e-01
3.634665050461631797e-01,-1.226216056649676256e+00
-1.279983989037681624e+00,-1.258379758017363237e+00
6.281134161033488095e-01,6.395595641475290138e-01
2.596766816432658498e-01,-1.415437396177806839e+00
9.673021348189860813e-01,1.220984502665141136e-01
6.161763894441769640e-01,-1.462078874578971455e+00
-1.891386530275325883e+00,-9.637091350704249937e-01
7.463947187663693139e-01,7.544463978765367229e-02
5.689596146902851093e-01,-1.293410838422423659e+00
-1.293730952246799015e+00,-1.030752966829237227e+00
-1.117308736636313027e+00,7.076621961140723283e-01
-2.979141469467916359e-01,5.605040740302118518e-01
5.270548968133349499e-01,7.950594079300887795e-01
-2.003730051684556868e-01,-1.212067148364777802e+00
-5.627912153053797606e-03,2.668112684867288142e-02
-1.648572804098660249e+00,-7.891815803237181015e-01
-1.358997436133071668e+00,-1.165735228431580506e+00
7.502876185396627484e-01,1.627121061976627980e-01
9.322106876949646237e-01,1.771419213317880492e-02
1.248549170982235390e+00,-1.610740105528747912e-01
1.110955167705942326e-01,6.570734598130103521e-01
3.407614768079759715e-01,-3.953377170896420489e-01
-1.605921344860528066e+00,-1.069025822212611221e+00
-1.403868358945559613e+00,-1.219296886931981128e+00
-1.161093406871542832e+00,1.023687870033390901e+00
6.125837493379527876e-01,5.626874473443310709e-01
-1.010021392252490324e+00,1.117262908214506911e+00
-4.911635403139453238e-01,1.443503119613614438e-01
1.220202953897435050e+00,-3.301149649526083918e-01
2.399607895906743504e-01,7.794058522509283993e-01
-7.031219717836042493e-01,-1.071345965498875952e+00
6.397909982654925720e-02,1.364255042374153404e-01
-1.504253014755321027e+00,1.074702840491304379e+00
-8.132753714368293196e-02,-7.886793312363888919e-01
7.639080882646748227e-01,8.306221519795758956e-02
5.314914798209183777e-01,6.690122939134028890e-01
-6.467814597347387728e-01,-1.427487172161665763e+00
-3.316116448706683817e-02,-2.384219733895016069e-01
-1.429171038996360554e+00,9.006134856175325165e-01
-4.832516643807490131e-01,-7.281297763074904283e-01
8.870503699163156952e-01,-1.920008450258279820e-01
-2.883430561672193360e-01,8.751501279951084955e-01
-8.997995685817293809e-01,-1.418282661682755963e+00
-1.451180108106975841e-01,-1.819961788033092609e-01
-1.602017127485771519e+00,4.944995180173443194e-01
1.716355488033156629e-01,4.422874992978901298e-01
-1.478625305544422619e-01,8.919330708163680788e-02
-4.161081976378617764e-01,6.625434298749425244e-01
-1.281460015597375435e+00,8.921340493926550597e-01
-1.001843117521426629e+00,-1.083355514898776351e+00
-2.646176610356076875e-01,-4.366655210233827411e-01
5.263861708101469361e-01,7.122951584490481158e-01
-2.092173499657994373e-01,-1.076373756321579167e-01
3.891389689700608390e-02,-6.954774856769240232e-01
-1.367618913704965466e+00,1.012390642911359606e+00
-1.358189584582651044e+00,7.425350406972854866e-01
1.122319358299334491e+00,-8.198437439630815171e-02
9.662750191371342057e-01,-9.730519060110531804e-02
8.785161565143214668e-01,1.084103074397698707e-01
-1.191158637408664678e+00,1.232424154105278946e+00
6.940143333685668825e-01,-4.708305994618749990e-01
6.552588185343489746e-01,3.118617512258863300e-01
1.784121450145799703e-01,4.897229702333606438e-01
2.990893056826506857e-01,4.926273954514450715e-01
1.095128281377026058e-01,6.824884813412300799e-01
3.838366841610946767e-01,4.721574810919501042e-01
-1.032726381224502887e+00,-1.246627733706734409e+00
-5.780609696624613436e-01,-1.351814685972653196e+00
-4.792378780328904186e-02,-5.763265076710080148e-01
-7.951804105928806932e-01,3.057540826119103383e-01
-1.472146099506024042e+00,7.887662540178657089e-01
-1.355356347893252600e-01,1.502161401957728126e-01
1.094238194929223917e+00,-2.779334637411159936e-01
9.999648749414620230e-01,-2.760739646573137085e-01
-1.483746243174766777e+00,1.076020472130529981e+00
-1.013929187147237343e+00,1.093179814527288407e+00
8.332218321535887762e-02,-1.081172831061638862e+00
4.536144674742873528e-01,4.632670166198806228e-01
8.523333298782718170e-01,-6.445727760135208650e-02
-1.573609160327154588e-01,-1.258701304614055161e+00
-1.070801004902673714e+00,-8.318412561160100083e-01
5.262671020136441280e-01,4.557939620564899208e-01
1.038564083300874685e-01,-7.347112979045409276e-01
9.443053750818866110e-01,3.871014717663935900e-01
-8.141560085994931084e-02,-7.241519237217226568e-01
-1.007870853688829449e+00,-1.141778883348770535e+00
7.864499323024567445e-01,2.952247061857828925e-01
-3.942147067392587356e-02,-6.244656122395559894e-01
-8.490289039979398433e-01,-1.244642519776165246e+00
-1.111935760569900289e+00,7.476951619957001860e-01
-6.180457248828637173e-02,-9.856460553865659113e-03
1.464093509486192879e-01,4.735200495259983544e-01
-4.619466951358918161e-01,-5.355131033157887188e-01
4.798346288953136279e-02,3.130895165263086755e-02
-8.853836384071734900e-01,-9.946042510222417032e-01
-8.970474815975724159e-01,-1.263925759745430755e+00
8.592048115243805517e-01,-1.703694188026718681e-01
1.139231160111605412e+00,-9.034431076184495230e-03
-1.431552605101833187e-01,-3.311467650100669569e-01
-9.076883419312009593e-02,-3.460637045040042548e-01
-4.945147440368015124e-01,-2.803473112148861524e-01
-1.072157752694099742e+00,-1.098720572530239359e+00
-4.433976922907474361e-01,-1.346259486279697271e+00
-1.413442430794779492e+00,9.903740535965939173e-01
-1.280653378156715316e+00,1.081510996570326677e+00
1.100019600142795984e+00,-4.904847857083096674e-01
2.981929336054227053e-01,-1.623368165011480069e-01
1.250910039288074815e-01,9.924468001979400711e-01
-9.088102961422475090e-01,-1.069613744385379261e+00
-8.331906118804063288e-01,1.947955293322582715e-01
-1.239427005916839519e+00,9.638851739692595455e-01
8.633184940321202427e-01,-3.555535930174136827e-01
5.656115899803979552e-01,-2.357303144965864627e-01
3.622750384104813648e-01,7.608699827439930896e-01
-7.677024758029280527e-01,-8.096028004961062230e-01
-4.808118407124591931e-01,8.202265905106246313e-01
-1.272127967771738755e+00,9.958678019615082588e-01
9.594543998269375873e-01,-5.884660991735115587e-01
4.319291277858650635e-01,6.373591409260653817e-02
4.840717128848074924e-01,2.936555439128013534e-01
-1.019555379135794082e+00,-9.964470900872582915e-01
-4.016359490293447410e-01,7.160955794067436209e-01
-1.438560670948211495e+00,9.413705638584395352e-01
-3.174642293812874883e-01,4.028538856453375283e-01
-3.993200808757402798e-01,8.267945994987599967e-01
-6.315601229836290686e-01,7.035825324304806339e-01
-1.068766261702487563e+00,1.259225489339955262e+00
-1.129629213670663379e+00,-8.715381428642980932e-01
6.581452596810484224e-01,-7.500670964237654559e-01
6.574367500581492774e-01,7.995376163835186123e-01
-3.998599407707086328e-01,7.415605101250060116e-01
4.195588036901419793e-01,-7.925677130855921515e-01
-1.131164103410997823e+00,9.858136277261489999e-01
-1.382111578603845148e+00,1.476285985062230299e+00
8.127527034926242955e-01,-6.862754201285103939e-02
7.652580523269649770e-01,-2.500290721758992030e-01
7.764652917924610431e-01,1.262471416189570594e-01
-1.561302220024904930e+00,7.904857291091508253e-01
5.903047113912217592e-01,-6.662381956065730471e-01
7.946691108319252628e-01,-2.576053608612410839e-01
4.109360002032024783e-01,7.342010687580196038e-01
1.538091821562970196e-01,1.012974405641755560e+00
-2.079544906638386426e-02,7.351273027495538459e-01
2.310356984932447899e-01,6.023259432319489903e-01
-1.467272840766512321e+00,-1.084782721633808844e+00
-6.535778268161682725e-01,-1.057978328280740010e+00
3.162455996298929595e-01,-8.354376333697874912e-01
-2.443071518180551516e-01,2.733132204169095858e-01
-1.093916087118651959e+00,5.275843639935813290e-01
-6.749996274311010902e-01,7.047815482027988132e-01
7.586597237138821281e-01,2.995860698453439719e-02
9.861957832159347070e-01,8.543393900069901070e-02
-9.520165884383375854e-01,1.005699801059716902e+00
-1.204465711754185486e+00,8.641729152843526940e-01
7.071813369387001114e-01,-7.605969193245620819e-01
5.453599799814230487e-01,5.934609024903607644e-01
8.242351523944011493e-01,-1.743452186245265656e-01
7.070395021831694660e-01,-7.447931286786667604e-01
-8.330296345000918201e-01,-9.795337533612400449e-01
3.762043442413897654e-01,3.440025192251273123e-01
4.977731701542088549e-01,-5.832532369318932375e-01
7.616788252309938945e-02,3.910563060831970805e-01
1.123002117596072491e+00,-7.905293637993169309e-01
-1.344502417035239983e+00,-8.419315776394795670e-01
6.184686822256654226e-01,6.919186185139173384e-01
1.748303652822373599e-01,-9.696602412743108301e-01
-1.330847986211275424e+00,-8.175727856364812807e-01
-1.205635272255430657e+00,1.030709269120980043e+00
-4.693464311452216209e-01,8.333852391874163601e-01
5.140887231001245450e-01,7.967965388285085382e-01
9.164393581504579611e-01,-5.399741592663347411e-01
-2.223903318256492123e-01,3.759573264652556479e-01
-1.193342400916173940e+00,-6.175834400450374018e-01
-1.628309578429285143e+00,-1.030669007634775314e+00
1.042100830132595579e+00,-2.956191592861596718e-01
1.157433571176734954e+00,1.985012256771112593e-01
8.444292956541434858e-01,-1.828110173873549460e-01
-8.762073808860759705e-01,2.123752584135741583e-01
-4.391851634695215223e-01,7.896838013119888977e-01
-7.234968501949774478e-01,-7.666614337392001488e-01
-1.107063879069953849e+00,-7.197194476062628299e-01
-1.452203149127906379e+00,1.142313062854489747e+00
-1.650180102809440053e+00,9.465728566274625999e-01
1.533058682326094990e-01,-1.442939594222019561e+00
8.577767549642707490e-01,1.036703805402717504e-01
3.327211853551381715e-01,4.151304736393532924e-01
-9.280248909609116748e-01,-1.505091989800768637e+00
-6.267208433018949254e-01,-2.931039390304515657e-02
-1.097459175503025630e+00,5.836622981833721191e-01
2.375455420292199582e-02,-1.312478284264614992e+00
7.619070614380282214e-01,1.348434500272556180e-01
1.455440349585012672e-01,9.292122209599165128e-01
-1.132093058768754990e+00,-1.658050737989737122e+00
-2.403841918411044609e-01,-1.617796429438986827e-01
-1.728780530171481367e+00,6.743870994042074907e-01
-1.969138365441051031e-01,-1.243261331292229155e+00
8.247701555878046431e-01,3.771257425415053266e-01
5.412417234779339781e-01,2.514440667277361707e-01
-1.205557016858490593e+00,-9.646391747185572019e-01
-2.132058429742599293e-01,-1.279399031537374054e-01
-1.291013470805326913e+00,5.928143607651026326e-01
-1.257502517573248824e+00,-5.376481048245069783e-01
-1.943122050862285954e-01,-6.825066245794667585e-01
-4.318318100501085111e-01,-5.445592943479601322e-01
-1.434750826716982175e+00,1.107599339928057924e+00
-1.096026096201808464e+00,-1.189553750148790057e+00
-2.809713252152594709e-01,-1.214329160738073510e+00
-2.621985720603021708e-01,6.349339972694291179e-01
-2.102493949032432918e-01,-4.672146370403381099e-01
-3.447146194565314237e-01,-1.164596909559759697e+00
-1.505207741480525385e+00,7.590835946770765341e-01
-1.075782000765000301e+00,7.326045104647407324e-01
5.254699144885006667e-01,3.387188035002535180e-01
6.462972352770430806e-01,-2.576869316787134406e-02
2.852007690485579561e-01,6.252569045080880183e-02
-1.553772293481265443e+00,-9.225989739535664369e-02
5.231046689053411303e-01,-1.156718155267648651e+00
1.779168056881821891e-01,3.022045798347909873e-01
1.468169196513836594e-01,1.121032235925125020e+00
5.492731862056969838e-01,6.794696968448260543e-01
2.995825257477264802e-01,1.060966105535292581e+00
6.338103311302184517e-01,5.670484208049358932e-01
-1.276867917607849234e+00,-8.068194186540509349e-01
-9.449936218052676917e-01,-1.381927424798381265e+00
-3.480542191122423801e-01,-1.164908893943477963e+00
-8.043315709914051759e-01,-2.451167810952293580e-01
-1.595195480269886001e+00,6.289549482285125004e-01
-8.246990330306790407e-01,-4.186925745113646569e-01
4.446679691818255509e-01,1.330842285356796661e-01
5.725873527853055922e-01,-1.518861516668529310e-01
-1.576840717706178507e+00,7.318749826162666006e-01
-1.325250231037631288e+00,8.511819361845351928e-01
3.219650546246307643e-01,-1.179476282418496780e+00
1.858344223858108823e-01,8.756000740175730046e-01
6.013291617081965024e-01,2.424662681652841323e-01
-2.027679197610034456e-01,-8.463959434975392160e-01
-1.217976059345729389e+00,-1.384540810927032961e+00
4.482722143280605254e-01,8.865241098638854123e-01
-2.178987154392877934e-01,-1.131445961082259366e+00
3.622329764619255377e-01,-2.191267382137349062e-01
-2.322885396601550856e-01,-1.293097849987543402e+00
-1.178754490918401121e+00,-8.880573421060142802e-01
5.240976769378344891e-01,7.944508787732819377e-03
-3.361696490677625881e-01,-1.203249633501302540e+00
-7.163361380714057258e-01,-7.036280552880034289e-01
-1.314317991044121836e+00,8.472845787014062768e-01
-3.577426455079407708e-02,2.568364622016975352e-01
7.898508530327645882e-01,5.685980074109492355e-02
-1.838448131422670828e-01,-1.232854889657085895e+00
-3.354069113556223947e-02,-4.434348284964284570e-01
-1.081389542122113134e+00,-6.262200376785316269e-01
-1.188087488501558653e+00,-8.216222853897403589e-01
7.288003642471776455e-01,2.303317716627031192e-02
5.834698930533341876e-01,1.836618769790288042e-01
8.618063117030425602e-01,-1.957941584120992395e-02
-3.725289183968284457e-01,-5.172331299016422745e-01
-5.391112393879682330e-01,-4.307057854049876899e-02
-1.600214552138226498e+00,-7.908568249418870266e-01
-9.975919113246605185e-01,-8.660912538715654918e-01
-1.337379169487715291e+00,7.003699916311824092e-01
-1.157536894498640834e+00,9.277689166270619570e-01
8.110283397016482265e-01,-1.355268996711404661e+00
1.143365276864529489e+00,-1.853688450201863014e-01
3.132599641769994725e-01,3.479881132189926313e-02
-1.142262773690778666e+00,-1.065941190470712785e+00
4.762105869276245240e-01,-6.462756872017496601e-01
-1.594752805015561048e+00,1.303753481112932322e+00
6.356692348082374489e-01,-9.038615043210674882e-01
1.391888882930197635e+00,-1.092355740583765000e-01
8.049600502340559238e-01,3.879522552117244394e-01
-1.138935981055969382e+00,-1.496922712423082391e+00
7.411303835020627284e-02,-1.880092636313677179e-01
-1.308065898312423814e+00,6.934075957985184058e-01
5.037215785358334363e-01,-1.341052810798449624e+00
9.624599072487904916e-01,-6.781026748326204889e-02
7.431728070813872211e-01,5.880495897049802245e-01
-1.419005440582474797e+00,-9.539782287962985663e-01
1.384781906455805900e-01,-2.917883559336142407e-01
-1.482391774891094194e+00,9.865866769977787998e-01
6.885686669592848697e-01,-5.131048667847283307e-01
-2.273572525853526927e-01,-6.440424134305027248e-01
5.359377587131516352e-01,-6.417057758535684719e-01
-1.560267611836197332e+00,9.655002047743724836e-01
-1.531435269675688993e+00,-1.150332939669253207e+00
-3.486257042190115674e-01,-1.012991237030416602e+00
5.449218841412036829e-01,5.159970608302856254e-01
1.743951830831133587e-01,-5.243369055364383025e-01
2.002744351572096626e-01,-1.180889354165666205e+00
-1.374585770839812593e+00,5.390357938792015302e-01
-1.600322474597249967e+00,5.379243440140379917e-01
1.047908790346383512e+00,-2.414049170354887197e-01
2.905505314423354468e-01,7.463859819759754988e-02
7.936252225700906049e-01,-7.362456463468203260e-02
-1.639393691981296808e+00,7.732404006451898404e-01
7.549941222011629094e-01,-3.509837305775316274e-01
1.017921113618493356e+00,-2.775621712864889679e-01
6.736638904106235781e-01,-2.461038937987908293e-02
4.555010025319597977e-01,6.262768190425754833e-02
5.195448261203727824e-02,6.091862321985870299e-01
3.635936771476779850e-01,2.086686835732692868e-01
-1.514680768272091749e+00,-1.244043507400554693e+00
-1.163134538237920790e+00,-1.286331306429036037e+00
2.902241448565058279e-01,-9.877319069569722165e-01
2.825909019386335652e-01,-4.079435837622153449e-01
-1.682665312706480343e+00,7.113030348532815017e-01
3.161006613060239889e-01,-5.370643584112049229e-01
7.114654731908076624e-01,-2.262737668154672088e-01
8.030203972016407565e-01,-1.229428971076424459e-01
-1.725014283347043431e+00,1.987275884332686815e-01
-1.054074060917910893e+00,1.013648472376325493e+00
2.674086052673848579e-01,-1.119715309471704279e+00
6.438966807288993843e-01,5.867514463880734166e-01
3.536753288664150618e-01,1.611755465448810876e-02
7.172113687258852011e-02,-1.180703109484572799e+00
-1.859304067683110295e+00,-6.296643020764104426e-01
8.532501241440614281e-01,2.535292114271456843e-01
3.610362903891761732e-01,-1.445231488216246252e+00
5.960758150958829216e-01,5.033013102929332350e-01
3.786596738064176293e-01,-1.373897929676945573e+00
-1.273295584325377039e+00,-1.092703560494245885e+00
5.003795098455269263e-01,2.608102781988647090e-01
5.752343624319090631e-01,-1.376555171386399934e+00
-1.132112064847069277e+00,-8.722519661251588730e-01
-1.262519860099140301e+00,1.070357737036422119e+00
3.585762166183830146e-01,-4.316100903422834256e-01
4.791527888168397586e-01,3.526693364127435615e-01
7.702836607861054952e-02,-1.254886540592089483e+00
-2.986996820189963264e-02,-4.433354505053025418e-01
-1.241760661078947781e+00,-1.176829675492846672e+00
-1.143741726381068968e+00,-1.451096420215916449e+00
7.562407352698992113e-01,-2.121448770102907500e-01
-3.351869322292481690e-01,1.532001914256720942e-01
7.110499545767354768e-01,1.217721962688430581e-01
4.063711968089687709e-01,-2.962589005385494190e-01
2.393503328934979413e-01,-3.959397946958118641e-01
-1.335898347764627125e+00,-1.144709709215143256e+00
-1.507069434319781243e+00,-7.951104242249347198e-01
-1.507133319059110965e+00,5.942842977905461455e-01
7.475453258606831186e-01,-5.848383195905042520e-01
1.239499382376820336e+00,-2.580566281158064301e-01
4.781325027050390419e-01,9.413678722171665569e-01
-1.921566415337745415e+00,-9.127310052709032284e-01
9.913749848522505209e-03,2.554028751068179171e-01
-1.116369717355085722e+00,1.208056405012645884e+00
1.011139863389139526e+00,-5.417196744350420978e-01
1.064122687124501532e+00,1.092035533898240152e-01
4.031987407417537139e-01,5.953186641955582337e-01
-2.089211385917524311e+00,-9.792938139847475743e-01
1.197170509376922765e-02,7.489628145890179223e-01
-1.078951702966991055e+00,1.152387188374490945e+00
4.072065444234560516e-01,-8.114602843012344024e-01
1.328787591577058613e+00,-9.394665900000041814e-02
5.842444415235306110e-01,6.480013577037411210e-01
-1.661858275363444104e+00,-8.396255499108423725e-01
3.089334636342357943e-01,8.092548853602101744e-01
-1.229307036057658342e+00,9.384186532674332337e-01
8.031835831951424087e-02,9.949481598162691620e-01
-1.051131376625462910e-01,7.301348376314074073e-01
1.911410991933281678e-01,8.975885385842574671e-01
-1.102686686594474219e+00,1.106925783103793970e+00
-1.490390231270257493e+00,-8.560278402392303976e-01
9.839432307448975346e-01,-3.713958120746682634e-02
3.932864413787566793e-01,3.763199111112018880e-01
2.144841297011722547e-01,1.025625740792881935e+00
8.471900346191194586e-01,-4.555786281897683532e-02
1.420150617675068228e+00,-2.743619865120447976e-01
1.065088155120518021e+00,9.811045847246446794e-02
-1.101289703817946330e+00,1.074069835173130150e+00
7.376968794203571100e-01,-3.004299853716211888e-01
1.186481136583168450e+00,-2.001628764686047834e-01
7.606523776367397627e-01,5.949466447807472136e-01
2.788791211327857344e-01,7.373019573129589999e-01
5.363806345504684714e-02,9.814314004427386884e-01
3.087099879103790134e-01,9.891395081749785323e-01
-1.193807510760603208e+00,-7.138195866557863756e-01
-1.463614699722997070e+00,-1.053246682482978258e+00
1.002030508995073843e+00,-3.126213835334096247e-01
-4.008929164904714848e-02,7.165026113622461335e-01
-8.892186177212566545e-01,1.301276119601169956e+00
-8.435647765421105948e-03,9.312704190279414984e-01
9.405238965604876267e-01,3.227940662287979157e-01
1.120578881387915837e+00,-1.382748238562659382e-01
-9.548552293338541386e-01,9.763111249985088058e-01
-7.283449684669942581e-01,1.144168917470332225e+00
9.013296039889538980e-01,-3.317860867785527579e-01
-4.377060375343945209e-01,9.947551534421482655e-01
1.406621352836102012e+00,-2.817467710662298619e-01
6.962162964637037543e-01,-5.840076170914527687e-01
-1.616424873860413003e+00,-2.969185846914090265e-01
5.178383100381978021e-01,9.780456933007218856e-01
9.814026661578485466e-01,-4.059227799565947592e-01
-1.886127362928890772e-01,8.935168564480570064e-01
9.196972495247621726e-01,-3.874177088519504819e-01
-1.265086943419554188e+00,-4.705288592598074193e-01
4.467147999927444380e-01,5.258492054902702550e-01
9.490994115411056642e-01,-1.229300041186526804e-01
-1.331269066981293214e+00,-1.170646961064053526e+00
-1.249601870206955123e+00,1.090678213173261080e+00
7.639927418119779601e-03,3.759319667153719902e-01
2.819473579705098487e-01,9.869316254582122250e-01
7.541222918578343037e-01,-3.397781951744421880e-01
-5.074212030828190167e-02,8.795538191636571579e-01
-1.763151158804045382e+00,-1.144464036655015837e+00
-1.684611849573175224e+00,-7.364781591035056696e-01
9.659064532422869664e-01,2.014357226098545395e-02
9.170342280294472292e-01,1.791807113252069650e-02
1.331673449276720600e+00,-9.339607891886161917e-02
-1.653573914482001639e-01,9.024128312581154443e-01
2.075550370122741795e-01,8.203243441019152371e-01
-1.175348484480315037e+00,-7.846040995159095921e-01
-1.358778379014170090e+00,-1.163398149963739803e+00
-6.459977083043739743e-01,1.282656799251763236e+00
-1.276964761759538325e+00,8.855772996477058179e-01
-1.439717654222180954e-01,-9.778682098629731811e-01
1.167026905915758306e+00,-3.796746478867543684e-02
4.798589825377063689e-01,8.367823524935064095e-01
-1.341462393688211518e+00,-8.274187020259695657e-01
-1.989487709002880356e-01,-5.784028676726057361e-01
-1.404230553174413254e+00,1.019999722704937550e+00
2.445175390656235681e-01,-1.213081480474410778e+00
6.841989873998476357e-01,-2.799980113628039100e-02
6.000157766815782390e-01,9.315323748955153249e-01
-1.376916730022367030e+00,-5.017156522866862423e-01
1.607851246747538099e-02,-4.051314228815061647e-01
-8.566623286674610593e-01,9.925682564008507791e-01
6.323974265125351657e-01,-1.529901799823998543e+00
8.759064550087698464e-01,3.187112095825688773e-01
4.555582162172651106e-01,8.554611225593733437e-01
-1.404377119843774668e+00,-9.574521696284308270e-01
-5.157047752760924864e-01,2.472595393141023279e-01
-9.981000749886790313e-01,1.140488035903377995e+00
-3.552350456840523418e-01,-4.998635759714070148e-01
-1.466833040061891469e-01,-5.850819539210015963e-01
-4.078021826835355745e-01,-8.200612546945406089e-01
-1.279072890051047073e+00,7.926686140322061203e-01
-1.590473170975234440e+00,-2.738073520128014304e-01
-3.102678215778086057e-02,-1.195316259911001433e+00
2.848945645212194733e-01,8.552851248331890810e-01
-1.208761755513226011e-01,-1.040277194294386698e-02
3.244112440734833736e-01,-1.563624658471245876e+00
-8.847083253136923675e-01,6.861495901612436610e-01
-5.851760972296365937e-01,9.551440357211371524e-01
6.786733062642642533e-01,3.056384508955773405e-01
-1.328017393888238029e+00,1.467582525559143924e+00
-3.873742827136945621e-01,-1.167256041152390678e+00
8.893308185721175985e-01,2.899783476690817596e-01
5.784925593295630053e-01,1.257853208496528818e+00
3.754877265809042353e-01,1.004058692795791963e+00
7.045040586218141998e-01,1.242115243831323657e+00
5.614665207904229183e-01,1.067775894053257346e+00
-1.363932043940205618e+00,-8.027203868344083837e-01
-6.266724034244541830e-01,-6.427655651823531713e-01
6.311229189709436360e-01,-1.449313755516416613e+00
-5.761762811681322427e-01,-3.845477322345534077e-01
-1.040506948586038316e+00,9.965134459089945995e-01
-8.218198521610803331e-02,-5.645676218052446682e-01
8.233296672603365174e-01,2.658057077848193783e-01
3.521851980362911139e-01,7.402616218765865064e-01
-1.447851137131618726e+00,1.291516838427077429e+00
-1.399084219783490957e+00,1.400184010807611124e+00
2.239386183097378247e-01,-1.410710888013274378e+00
6.144574824311670458e-01,8.356759638987687477e-01
1.440411456875374308e+00,1.082114533628105446e-01
6.589338153909730655e-01,-1.361113594958389239e+00
-1.187231135055385467e+00,-9.039377396122005859e-01
5.103584061552387530e-01,1.000540666883161123e+00
1.603090222521106056e-01,-9.890438945104569335e-01
-1.150653711282709490e-01,-3.456463614922393179e-01
3.731333043705737929e-01,-1.366402059301476957e+00
-1.144430273774758700e+00,-1.100407628841205243e+00
4.490200495293741878e-01,1.034026800522240164e+00
8.481990213986806415e-02,-1.255934804375442138e+00
-1.507066101547822168e+00,-8.946401961071601683e-01
-1.235011989253181675e+00,9.532122265678313333e-01
-1.238788137606454398e-01,-4.092769313741364545e-01
5.393879776319592256e-01,8.545063183760001069e-01
3.961534057705438649e-01,-1.495613547894824258e+00
-6.123835349234872938e-01,-5.492563323742963299e-02
-1.702305182103222014e+00,-7.901603104447102455e-01
-1.206422329614708966e+00,-5.939944596323750714e-01
1.322079683845768461e+00,9.982508804107624589e-02
8.404584703248429989e-01,-1.773545485330547955e-01
5.604534876395065313e-01,8.847022312335761640e-02
-1.989048349657538683e-01,-5.309195938664025283e-01
-7.001875475389188752e-01,-4.733664096248028641e-01
-1.586932608619111562e+00,-8.247846768429727415e-01
-1.111232423378033296e+00,-1.041893035117745336e+00
-1.150417330270958605e+00,1.178970663828987409e+00
-1.269751667968943121e+00,8.640412651529016941e-01
-1.748318108489214928e-01,-1.014791623519659680e+00
1.179824236212505761e+00,-5.743986770770520556e-02
7.968211581990026771e-01,9.794822005646017793e-01
-1.556460059100749582e+00,-1.026449523080344317e+00
-4.013312118143296248e-01,3.094345470150592359e-01
-1.370265888979464108e+00,7.494537322455205874e-01
-3.266059089703393092e-01,-9.796058324601949474e-01
1.293523684758236314e+00,-5.926467651018321736e-02
5.111568146250629052e-01,8.490339977848213593e-01
-1.968114626269997114e+00,-8.894170978163343788e-01
-1.889858996061877239e-01,5.212098528519122365e-01
-1.238491889465379359e+00,5.519984464952785164e-01
1.031323243377949839e-01,-1.101657639619244788e+00
9.864114673160292446e-01,1.662477130235294753e-01
3.018729380760075687e-01,1.273617370488983269e+00
-1.303717394055192269e+00,-8.515671607369981189e-01
2.653555069180369985e-01,-1.676599421390755906e-01
-1.032016121384406349e+00,5.539629344935175226e-01
-3.563937968920510846e-01,1.237263756590531449e-01
3.460905522290190217e-01,-1.286662912123963942e-01
4.840098987692282861e-01,-5.130506329830232248e-01
-1.801454170442467362e+00,9.458772810010261933e-01
-1.980916740868316817e+00,-8.711895001635110436e-01
3.666424432234540731e-01,-1.235053795067417859e+00
6.812214852309366186e-01,-5.882847188765208957e-01
-7.377909985159842865e-01,-3.482600149743639295e-02
1.951197961837589090e-02,-1.057653518506388224e+00
-1.723996836561977775e+00,9.751855200015662195e-01
-1.601929879022504499e+00,8.362787201405497139e-01
9.862567935696736621e-01,2.232843975888062771e-01
1.102672839065822474e+00,-2.115322884532629816e-02
1.139533201162224341e+00,1.594945661867308573e-02
-1.255107480756953109e+00,6.688468977562440632e-01
7.434181812940157119e-01,-1.527082420048974098e+00
1.114418130990627143e+00,1.859976675465963569e-01
8.792358989220311338e-02,1.458690373993521083e+00
6.573810736148163469e-01,4.637290703540634107e-01
3.347298257332578797e-01,6.722719450851861733e-01
3.186634734592877494e-01,1.267599655635128109e+00
-1.646257507243275242e+00,-6.084383686976967409e-01
-1.846674147129091503e+00,-1.007224951564967608e+00
2.660208045785304454e-01,-1.236261428849007249e+00
-4.633850765706510888e-01,-4.759493308604375583e-01
-1.266412335988129190e+00,4.864077730717889514e-01
-2.090973304300584867e-01,2.618480284962733107e-01
1.140106758359502814e+00,1.158231501648802064e-01
7.358258834624875622e-01,2.968784881635999628e-01
-1.034786026597043218e+00,6.990126880841490697e-01
-1.198825362319915211e+00,8.468869573202044698e-01
6.544297299557386705e-01,-1.437904812339018124e+00
6.094718942627104230e-01,3.568979155390063496e-01
9.571090432695312789e-01,2.469655251357227022e-01
2.263853222666040721e-01,-9.502359496654955162e-01
-1.530938817240497407e+00,-1.248039942390256174e+00
3.627401846109478689e-01,6.500604991996096205e-01
2.872130197641410976e-01,-1.412608781072146158e+00
9.399042354654187914e-01,4.307808777393874466e-01
2.119174980320625012e-01,-1.374240528790386939e+00
-1.809255580728213797e+00,-9.499497841448194535e-01
7.769427884736795908e-01,6.053572034399401502e-01
-1.389817114471982862e-01,-9.552234249049046388e-01
-1.879297112871462616e+00,-9.200981590452805836e-01
-1.068575861019750439e+00,4.957506144287858185e-01
3.130817901829205385e-01,-2.062903186036019743e-01
6.667572965285684106e-01,2.186777629995836914e-01
-3.290117550553548487e-01,-5.723099070807131650e-01
1.284221051534557845e-01,-2.425509654286926164e-01
-1.710107426050776702e+00,-7.719482764278645659e-01
-2.047617518503011880e+00,-8.305765151555620784e-01
7.918829994871752209e-01,1.379433210010941879e-01
1.011226644248609308e+00,1.188280778886578737e-01
1.113217150853147652e+00,1.715344491770076640e-01
-5.276678671748389338e-01,-1.260138675722448365e-01
1.956405233458834436e-01,-2.336298857977005816e-01
-1.715416307671103979e+00,-8.209026424748333550e-01
-1.120405843971553184e+00,-5.244537915681816154e-01
-9.934016707939713475e-01,5.199861252912653109e-01
-1.053415975688265283e+00,1.005698903514339326e+00
-6.891454408687841537e-01,1.028482683372755613e-02
4.204296819736908497e-01,3.436682532233134579e-01
8.431063386763590906e-01,8.579897327968302179e-01
-1.369060231681968220e+00,-5.177103512847240907e-01
-3.942363773890392720e-01,8.569743615492657618e-01
-1.542326150298312326e+00,5.824728683568088927e-01
1.660031520746932110e-01,-1.181759132690586522e+00
6.224219077642273446e-01,1.972872663372332580e-01
1.636523860086600002e-01,1.110870156751052384e+00
-1.515433384145640439e+00,-5.035610631475870291e-02
2.465297519288869865e-02,5.070278093052100754e-01
-1.434093916679509695e+00,9.460465730798002237e-01
-7.494116829706001237e-01,9.196980070152133147e-02
2.876540018189178705e-01,2.241697398065673474e-01
5.952229836278930541e-01,7.614407400758913536e-01
-1.124597169406029051e+00,-3.731218345615316956e-01
-4.526354147714887199e-01,-3.873935522039567703e-02
-1.388171395069003111e+00,1.293510524945491458e+00
-1.850070903793515076e-01,1.540837738809313906e-01
-2.592773493748011804e-01,-1.084047829484393738e-01
-2.232417578232651079e-02,-6.964720323304601779e-02
-1.366456260164158554e+00,2.401879837912243576e-01
-1.673843359459097124e+00,-3.834748047953443484e-01
5.625692294975287444e-01,-1.510875127115648198e+00
7.294877375110571105e-01,1.037765169588721337e+00
-2.430397624660769196e-01,2.465837659983461383e-01
8.324084583494252287e-01,-1.507216679267069370e+00
-1.671768246475181297e+00,8.812074783004069101e-01
-1.669437121395328738e+00,8.605234660619139886e-01
2.367055353287427222e-01,7.645637483914347055e-01
-1.955369773678869993e-01,9.689753334901656245e-01
2.610581687354532887e-01,5.946865602647912752e-01
-1.712818667041009491e+00,1.034915564211206451e+00
-6.657710875383622273e-01,-3.421422156616841237e-01
1.543724537543557651e-01,6.085417626866007623e-01
4.332090064419836795e-01,3.828253322343091458e-01
1.384730364095689281e-01,9.850705957552956527e-01
2.779428015580281963e-01,1.308162819934463705e+00
4.247114372322674525e-01,1.515614559654801408e+00
-1.367827208533096028e+00,-5.652800209825892264e-01
-1.803950393722164591e+00,-8.546813262959448432e-01
6.786161769331375826e-01,-1.280344685386529235e+00
-4.163965611249858534e-01,3.184646166455688543e-01
-1.374382549563430533e+00,6.319802763807291779e-01
-4.913092052618447392e-01,-1.730372208290641978e-01
9.676911264868142126e-01,2.847247016266974406e-01
-2.030045397313843258e-01,1.048792141486917018e+00
-1.330299245748534753e+00,9.775016981127778726e-01
-1.188944283551734316e+00,9.123518387684589337e-01
-3.279133622761126743e-01,-7.874569106307286459e-01
7.590320675285989749e-01,8.447965557274161874e-01
8.226469682601181832e-01,1.006358520089885578e-01
7.755908264304003374e-01,-1.138250718427871178e+00
-1.834283455096121784e+00,-6.174002976371860685e-01
6.798021443043256173e-01,1.738546303429580608e-01
7.230976187080970785e-01,-1.256860031844651671e+00
8.604517556029750436e-01,7.755954307961145933e-01
7.736352377521285018e-01,-1.466933880469900808e+00
-1.454813469661258019e+00,-2.422710239122128906e-01
3.320713047340675406e-01,1.130090760110950221e+00
4.690208708106896607e-01,-1.426746973178035338e+00
-1.632057066769737608e+00,-1.138559345406650269e+00
-1.528124443995957149e+00,8.543786164043218889e-01
-2.740424477115098734e-01,-7.019437919443928253e-01
8.882569577752016388e-01,7.816728705250016729e-01
3.283280322985737132e-01,-1.304239756085348034e+00
7.717172976722155853e-02,-3.448193258667746064e-01
-1.449713562594484806e+00,-8.101977099347166256e-01
-1.541403710118577797e+00,-7.958938023105615045e-01
1.596893693283695792e-01,6.691874430125100970e-01
7.462867724642614498e-01,4.126190241869119313e-01
6.416641725781550010e-01,3.218259069268600836e-01
-3.112794993025592150e-01,4.108891397391578049e-01
4.857727658143434768e-03,1.700428860111255214e-01
-1.413794376773783057e+00,-8.534711911136032558e-01
-1.953741057191851205e+00,-7.343675858987329663e-01
-1.437425216341935430e+00,3.751237460640733379e-01
-9.162224564108440994e-01,1.158647304113982646e+00
-2.777887579831788134e-01,-1.192616291108523630e-01
1.095658537981472502e+00,-3.227121412788183652e-02
6.284281968177649613e-01,5.522621528370992294e-01
-9.449831367152032868e-01,-9.603325660268727804e-01
-1.337144014283991322e-01,5.798420762085045865e-01
-9.905303230337894060e-01,1.106758153148275303e+00
-4.371934374207260832e-01,1.785306628790556127e-01
1.019327914020698778e+00,-9.727098987087071102e-02
5.653581155457433338e-01,8.623660089373023085e-01
-1.206132629497012054e+00,-1.108650426198085182e+00
-1.103933746426342816e-01,8.330989302543588826e-01
-1.061780593214301183e+00,9.675700701568515916e-01
-3.336878772417124495e-01,-2.100389899232497637e-01
1.446679251022191748e+00,-2.319756120007571143e-02
8.081489757881564762e-01,3.603323522394001888e-01
-1.306067893255737244e+00,-1.227923341043032357e+00
9.470303717164674229e-03,6.521392940089867363e-01
-1.003571079461634374e+00,9.104533980499736057e-01
-8.152968851157967045e-02,9.087578731729033521e-01
-4.315463158827143736e-02,8.163373479892537254e-01
-2.946406076504562432e-01,6.666005667132689494e-01
-1.044783506275007712e+00,9.435040344830400993e-01
-1.683867308227170900e+00,-1.178418410555524432e+00
-7.449838969535977906e-01,3.919593108409940019e-01
6.974293504904396368e-01,6.666201989818407725e-01
-1.013064289623061970e-01,9.301011470860562902e-01
-6.486706154692416515e-01,4.750038103019048608e-01
-1.196180357731357891e+00,1.079783250906743763e+00
-9.377228696678662212e-01,1.103201398181251625e+00
1.282217033112694082e+00,-7.338217545413955323e-02
1.139557081395894844e+00,-5.869043771015022837e-02
1.216242197264328251e+00,-5.092858313545518822e-02
-1.267269271706878087e+00,1.431499619793640710e+00
-4.861050487936574016e-01,5.390841426597137165e-01
1.220075585042478261e+00,-2.198527788143478101e-01
8.750432532404330832e-01,5.399349038682885737e-01
8.547665631491035976e-01,7.973379366346644570e-01
6.150029630803373060e-01,8.174752396603869320e-01
5.705261762090634292e-01,1.068179202255352012e+00
-1.096735940644235408e+00,-1.086299204204325353e+00
-1.385392728342704327e+00,-1.208659285334870770e+00
-5.824551305613091534e-01,5.715188409572570238e-01
-1.943418572868843008e-01,5.176270835644800616e-01
-1.379468895629295089e+00,1.246724009389731602e+00
-3.133173806417700047e-01,3.209304590529004075e-01
1.316424102142776054e+00,-1.529408432046159838e-01
1.363123428969814199e+00,1.951234060107173013e-02
-1.201618255693441828e+00,1.358662346281703126e+00
-1.189940948905270357e+00,9.743821899195441727e-01
-8.475402234865079265e-01,8.019978566769609962e-01
7.569969913391705330e-01,5.747392726332836155e-01
8.782191846332125795e-01,1.232162998126983267e-01
-2.708327068008253846e-01,9.008574316060091736e-02
-1.384854943101568203e+00,-1.077387546420127906e+00
6.392533541395220009e-01,5.761532270284991375e-01
-2.751600434561746744e-01,-1.712790717305942012e-01
4.932683596015911554e-01,8.701642409697857294e-01
-3.751426582934451748e-01,2.984185723605436991e-01
-1.387879973786493082e+00,-1.230561255799839326e+00
4.334197034385381397e-01,9.235960232637596690e-01
-8.575685380933295576e-01,6.460122217077512996e-01
-1.176783937913804312e+00,-1.274629370221264102e+00
-9.072118171144615273e-01,1.033736619490333908e+00
-4.168809707251550090e-02,7.645124843775232826e-01
8.623055977741785894e-01,4.644830997530930983e-01
-5.667300788864249039e-01,3.347792213669962824e-01
9.406190672564929134e-02,8.357582229465203572e-01
-1.407358267890302050e+00,-1.187143300163616466e+00
-9.887376081614007717e-01,-1.118856871737293535e+00
1.510730547708338811e+00,5.620036850158527039e-03
8.305720934710445480e-01,2.976728371457229017e-01
1.082612443230602350e+00,-1.676522552336727201e-01
-3.063620181249662178e-01,4.964609092394199341e-01
-1.464695043122645202e-01,2.739635833585989944e-01
-1.216657958581221610e+00,-1.252139287374718801e+00
-1.220231671958311725e+00,-1.422703924045705115e+00
-1.163028962718216430e+00,9.934354883323309737e-01
-1.648989748353339557e+00,7.696117865663337776e-01
3.413829471010879635e-01,-1.547566671264570592e+00
7.445224259762772689e-01,-2.201098328952254546e-01
4.686368343314836760e-01,1.808122462785528572e-01
-1.179167187874829770e+00,-1.052194611311912720e+00
-1.123708617597417025e-01,-4.685526475765139920e-01
-1.397872795134455171e+00,6.787309985620655350e-01
2.270247207820627611e-01,-1.312063936112616291e+00
-2.770237757137195000e-02,3.565724148101924174e-01
1.468374863119672469e-01,4.171288096921932920e-01
-1.141539845666090125e+00,-1.059146150941074893e+00
-4.738375125123277520e-01,-7.104138717204653286e-01
-1.333460663226590848e+00,4.980192633859372164e-01
-2.685965739818192977e-01,-1.385467320489184306e+00
4.103375474825849412e-01,-1.628447364229990146e-02
6.343431147128515413e-01,2.763488033098832619e-01
-1.201041699545580599e+00,-9.023952790751188502e-01
-1.091345625433741418e-01,-5.024458193512808535e-01
-1.143332147809787536e+00,-5.567872922080606690e-01
3.639990161622647658e-01,-7.891589592843442080e-01
-1.863767678891414814e-02,-1.866996091366728283e-01
-2.446990661744646856e-01,-6.513117558720168399e-01
-1.316286281704595496e+00,8.664574614792549534e-01
-1.547657044592744668e+00,-1.042750759307584651e+00
7.391875047546887512e-01,-1.461401811536153339e+00
8.419184298527810917e-01,-4.916476469242195835e-01
-4.545007911169659520e-01,1.146480267843458800e-01
4.807951320745985635e-01,-1.390817242586186442e+00
-1.106504704925075133e+00,-1.445132459000635916e-01
-1.047366328382806744e+00,5.512443983129466929e-01
-4.208317982897430420e-01,9.101793132212726567e-01
1.333373225927458439e+00,-2.067540088632205397e-02
-3.292459122559993068e-02,3.242506962861632092e-01
-1.183146043265886238e+00,4.748414573329537425e-01
5.677817782675759206e-02,-1.604998025473313827e+00
8.862368329559606739e-01,2.417666665021667161e-02
6.861839518293201268e-01,-5.927408555039783700e-01
8.758430258896620080e-01,-5.448088205646959281e-01
4.039513970788745079e-01,-5.744988535756193615e-01
7.027975112475608466e-01,-4.166791193103048796e-01
-8.227664959059604044e-01,-9.714693226125581393e-01
5.607079995846441234e-01,-6.353369287023229450e-01
4.149781198333176713e-01,-1.594581494653545928e+00
4.884365773512477915e-02,-5.281447246012205277e-01
-1.367490285613462087e+00,-6.081287091685165513e-02
-8.121565241215783493e-02,-7.696584474750971516e-01
2.906240531389351900e-01,2.900592321389876549e-01
-1.698049915980068381e+00,1.147401708281669208e+00
5.347553241160535320e-01,-1.495950158473905223e+00
5.827901897719597324e-01,2.620575276879812399e-01
1.142997876212732855e+00,-2.145122034826771329e-01
7.026325226661213064e-01,-1.312815273567719654e+00
3.497615114876158060e-01,-7.464833245183986055e-01
3.555479201700993963e-01,3.482330842443447372e-01
7.459702738621381002e-01,-1.596472873971521711e+00
2.394943635185509123e-01,7.127451076454138779e-02
5.784152126227259938e-01,-1.574836034704386156e+00
-1.575259541408450037e+00,-9.726362835202433388e-01
5.411808505278147274e-01,3.689934200308258583e-01
7.233309444444029346e-01,-1.510096436441586754e+00
-1.293635088943921652e+00,-1.209820136642337784e+00
-1.634560427552810058e+00,4.922118036382402417e-01
4.526164751805830666e-02,-7.819423637220119794e-01
4.449830511005166134e-01,5.055809014206495977e-01
6.731340725642516176e-01,-1.357706028000543519e+00
4.136032023046901651e-01,-5.961758137125025003e-01
-1.243252291328568404e+00,-1.070037424863341746e+00
-7.686689186219365366e-01,-1.124324167015408937e+00
9.201948975723965862e-01,-3.629070177928381269e-01
2.697255268804366057e-01,5.187649064138464272e-01
-3.681781712100422599e-01,-6.632045371908226183e-01
-1.609761819199976296e-01,-8.374449653165667584e-01
3.707316923086590443e-01,-4.462848063092709761e-01
-1.500392736379030367e+00,-1.053890146361292635e+00
-1.453709295499787890e+00,8.644864286508916473e-01
-1.053678874411198896e+00,1.048380201100893583e+00
-4.836357151543996258e-02,-9.069234590073746993e-01
1.058872551177628019e+00,-6.395258241681160694e-02
3.204288103166420543e-01,2.645198378041227483e-02
-7.675816383190632308e-01,-8.686138984455789025e-01
-5.445310021538418699e-01,3.989921694244304984e-01
-1.100137466532695729e+00,9.921155524481901633e-01
-3.472609119597490634e-01,-1.335152791907484371e+00
5.851443015899026046e-01,-4.265119434736965309e-01
4.942104510085976177e-01,-4.085976114469263010e-01
-1.670112418115303976e+00,-9.549772715529524225e-01
-5.818686317587424828e-01,-8.094214595472340457e-03
-1.021624828494706261e+00,7.587381655964806626e-01
1.567513534218686888e-01,-1.072000913508285080e+00
5.473483784506916194e-01,-1.147044783521877082e-01
3.581786762428771365e-01,-2.177227522580722774e-01
-1.644157024004984313e+00,-9.718562752195378796e-01
-9.286997040496646205e-01,-1.058342845470285343e-01
-1.310832539498413274e+00,1.066120685232973653e+00
-4.761942778013208422e-01,-1.714204544896986149e-01
-5.040752808677362307e-01,-1.413269597883399509e-01
-2.055796046243758557e-01,-9.039384354087043327e-02
-1.649124429186474394e+00,5.367460260433261077e-01
-1.781339200580381865e+00,-9.516410326031751188e-01
1.315472386500998736e-01,-9.690247489591229391e-01
2.664317884895955890e-01,-6.276018126863140978e-01
-6.115690643582726294e-01,5.268366786805608881e-02
1.430118072967075382e-01,-1.304226015655738591e+00
-1.368196098255299198e+00,8.775270005729272071e-01
-1.347823059617470509e+00,9.105823704881347291e-01
6.735772070122894029e-01,1.795102322172681397e-01
1.281720458558308406e+00,-1.909895128722720881e-01
8.938360899741097931e-01,-2.375962958701427485e-02
-1.293602457222583491e+00,2.086858746468907289e-01
1.858539014032890013e-01,-1.240268521577280403e+00
9.483789560848734368e-01,-1.181624678428545849e-01
2.892510052199643300e-01,-3.124118973965800405e-01
1.331523936456475432e-01,-3.237486657785297317e-01
-5.259529573445063250e-02,6.345280013003347375e-02
2.701987917387891902e-01,-3.551247934849205423e-01
-1.568008320401498956e+00,-1.171714436227070610e+00
-1.405427897689683459e+00,-1.155354744987441507e+00
-1.424752620861366725e-01,-1.229989733690849185e+00
-7.173000992754237082e-01,2.033314058380537026e-01
-1.259155687634318177e+00,7.055870663005121557e-01
-9.496960435666350619e-01,5.714551547260398462e-02
8.248833839112708066e-01,-1.600236795865321582e-01
8.758269930952504723e-01,1.397026153564463469e-01
-1.305965895603784066e+00,7.707882504228129594e-01
-9.546572524027275852e-01,7.932353070129813943e-01
-4.542554705850389007e-01,-1.126013974134681295e+00
5.250070001767486172e-01,-1.232213273185024938e-01
5.856170901776760473e-01,4.268456182516508490e-02
1.767757196391709362e-01,-9.902677667590598087e-01
-1.760589056203170522e+00,-8.911251642151523100e-01
5.348433116704452983e-01,2.211399797697133907e-01
1.295549207279149684e-01,-1.102754156937966856e+00
5.442291262591871792e-01,1.020734518034161487e-01
-3.512958229838752944e-02,-1.393516038579302840e+00
-1.976948618812952141e+00,-6.937690493694761429e-01
7.072799993996715939e-02,-2.261940122944638143e-01
-3.946523755866691019e-01,-1.142430822222043840e+00
-1.233579070461042759e+00,-1.061337931389892297e+00
-9.479102605318958652e-01,3.765951086986121799e-01
-3.140875868652645009e-01,5.812767530930640358e-01
5.666849197461151233e-01,2.653204502447426005e-01
-1.737628863914285338e-01,-1.072432662476733523e+00
-3.430424737483248609e-01,2.985893638051150267e-01
-1.311967232362867719e+00,-9.980747910219268659e-01
-1.477835822923722287e+00,-1.124392160532382112e+00
1.025448739702848000e+00,-1.777429560301106992e-01
1.218787085391234815e+00,-4.069734158047907946e-01
1.099309454644955997e+00,-1.169270801900240547e-01
-5.931517669384251956e-01,1.243855476863069270e-01
-4.003230301487650244e-01,4.475362069587563996e-01
-1.700609949205068361e+00,-1.013162631775972988e+00
-1.713557685653058105e+00,-1.330485373415690731e+00
-1.694643953994086072e+00,7.387968019937556363e-01
