1.076255811963660136e+01,-2.473806938799972954e+01
-6.269056841768064769e-01,2.683050008172623180e+01
1.685800607196443091e+00,1.229145370864726061e+01
-1.661222316633748974e+01,-3.659086739300551727e+00
2.414568842975896601e+01,7.795914171674338533e+00
-7.744370238866010503e+00,-6.516818157445267268e+00
1.933058560342100662e+01,-1.538451771132790569e+01
6.078183758911426260e+00,1.532159666139991394e+01
-1.190896934579979494e+01,7.878062437948787355e+00
-1.805337312817238526e+01,-7.427150812259744939e+00
2.917006205653845896e+01,7.176593854270997497e+00
-7.075306398520898377e+00,1.104045795052743628e+01
1.681628628518102886e+01,-1.896934429537653344e+01
4.431038033702454193e+00,1.277916602225439746e+01
-1.890947653103046733e+01,8.182544321373521612e+00
-1.124571759019877604e+01,-9.463742418797355782e+00
2.207510292027066257e+01,5.721234532520492522e+00
1.722037920369686281e+00,4.077726979764510595e+00
1.349823505260391876e+01,-2.897838777993401393e+01
-2.297014415713169111e+00,-1.080218800353264896e+00
-4.743922757993227712e+00,5.311875064772329402e+00
-3.660267602268915788e+00,5.411431081057438419e+00
1.532291995323417133e+01,-1.663387709975554785e+01
2.742280032575341409e+01,9.461216521396783818e+00
6.912416862660184513e+00,1.325696227876942146e+01
-1.676324708514565032e+01,-9.130156679529365604e+00
-1.104286380234824838e+00,1.003846000605430433e+01
5.055182013562494525e+00,1.367771109636914773e+01
1.053075880436869483e+01,-1.830066973589875801e+01
9.110186059725595698e+00,-1.757963894460224807e+01
-2.498111864320438968e+00,3.162329897720948413e+00
5.298970411942368841e+00,6.312540685366365700e+00
9.212701082509108019e+00,9.018059676629183841e+00
1.860924128697871183e+01,-1.205060504638323415e+01
9.125052316328499558e+00,1.316926869723433491e+01
2.000504460401089535e+00,1.249041623115428479e+01
-1.817574047819364225e+01,1.366972203214327664e+00
-1.771164741468001580e+01,-1.137768062236810707e+01
-1.701555895356652570e+01,-9.802562295011838955e+00
-1.919046120612670947e+01,-1.314067076079503016e+00
2.969950212971363968e+01,6.409062936176472824e+00
1.754239125567042024e+01,1.374983061985339283e+01
7.487431024653775857e+00,1.733829804288142640e+01
-3.141771963230430398e+00,-1.432368653028860184e+00
1.453618134232719150e+01,-1.566726744470867594e+01
-3.239013998757022339e+00,1.537107758670683388e+00
2.618848935921076926e+00,7.374765134882347084e+00
7.281668783225803132e+00,1.253621989223423050e+01
3.345984081226736961e+00,-2.219655517897666641e+01
6.655919505382652090e+00,-2.416278544012288876e+01
3.787602089962271545e+00,1.716420526940879654e+01
-1.165182950430346587e+01,-6.983457968828234108e+00
-1.866375870406029591e+01,7.623906407598716406e+00
5.427157788725342158e+00,2.367819862075758053e+01
1.252458721720764245e+01,1.983011253014954534e+01
-1.651095986299108276e+01,-9.057818140543789198e+00
7.811286544226221373e+00,1.514096574206562096e+01
-1.793857033490578345e+01,1.605855757917467486e+00
4.859923482562430230e+00,2.772987520216715041e+01
2.393530488169575321e+01,1.180712494546561686e+01
-1.785917540889711219e+01,-9.104230734727597252e+00
6.996986716285491070e+00,2.849126060026797091e+01
2.640580591596747340e+01,7.521804470174654256e+00
1.422708134911667344e+01,-1.394135223018505698e+01
-2.919366357407764401e+00,2.833504321779100277e+00
-1.733339536456692542e+01,1.010216505457123581e+01
6.319214841346908251e+00,1.002469793120347497e+01
-3.408625204119277718e+00,4.869506170558701719e+00
1.569635297570096988e+01,5.830449986146200914e+00
2.041655747801985754e+01,4.483021726550917130e+00
-1.220612172262976181e+01,1.168546096519464150e+01
1.194585292195390114e+00,4.500591078838822590e+00
-6.972033202712919042e+00,-3.928299225443103726e-01
-9.419920166770355152e+00,8.823770095917888412e+00
-1.997052914048700112e+00,1.927082595934588971e+00
1.565422525838930845e+01,1.813662208648858964e+01
2.657861382910074255e+01,8.533419276448471535e+00
1.541583832542496957e+01,-1.620723716828619487e+01
1.109939786763960434e+01,-2.230825056454060373e+01
1.134814398962611648e+01,-4.119177415654702301e+00
-2.150018134585283391e+01,8.846132647937180238e+00
-1.398255197164752417e+01,-2.944019434026226012e+00
1.753381274385733946e+01,2.328622905223712181e+01
-7.200060504266073913e+00,6.150296455354792968e+00
1.537923008529684310e+01,-2.109319862267066270e+01
1.250673675250226147e+01,8.370655825725373589e+00
-1.889801858840927906e+01,7.245738297322813715e+00
-1.917191043726354849e+01,-1.257114580495885647e+01
1.669690061420717697e+01,2.218120398593621800e+01
-1.253960613053488693e+01,1.253295147659869180e+01
1.181498837807015967e+01,-1.548292512039692426e+01
9.304671953631435954e+00,1.651689919261128070e+00
-1.541529078350283832e+01,6.773292984734479383e+00
-9.153684215239929145e+00,-4.479975366216168986e+00
1.957654931828545841e+01,1.985695522350116704e+01
2.484529881464015766e+00,-4.006584228353407440e+00
1.784482630739876186e+01,-2.173985567036410416e+01
-6.126967248966030510e+00,1.249220613739719887e+01
-1.189031497306891616e+00,4.335881594769128711e+00
-3.824068333558315214e+00,4.437406252747670088e+00
1.574215920302058613e+01,-2.377556161007360558e+01
1.613468808151465694e+01,2.579555425759374643e+01
8.719226237719588823e+00,4.828247023435943142e+00
-1.735008866984032494e+01,-3.402114290332701962e+00
-7.101266729623517904e+00,4.462717420301730797e+00
1.278822970429509631e+01,-2.373877208871058464e+00
9.928206646548940029e+00,-2.341820190228518328e+01
1.770963479716951738e+01,-1.105156442066647493e+01
-2.048259454282206349e+01,9.153055463593755547e+00
-2.081677263224484520e+01,9.128928573708119387e+00
-1.329617785546603059e+01,9.438382010859173832e+00
1.846939035271059737e+01,-1.596878182890269571e+01
1.080312258621039589e+01,1.018696664444663647e+01
-1.588650631394524027e+01,1.354606988344618834e+01
-1.484869855217084123e+01,-1.568664180849677692e+01
-1.425746012432361987e+01,-5.299811734788855588e+00
-7.942590043260732813e+00,-1.839495341712876453e+01
-1.718103204439196574e+01,-8.018355969470498223e+00
1.735174623889557921e+01,1.972005743903980957e+01
1.196177076770229242e+01,2.321844887856999406e+01
1.054126111808558264e+01,1.374478833557945023e+01
-6.005334457535670190e+00,7.041609599183180634e+00
1.437651609856022539e+01,-2.229426700443306686e+01
-1.291817720021577243e+00,-2.917500626314140089e+00
-1.070672373313098724e+01,5.209220974386682634e+00
-1.576129926512933999e+01,1.211088118272787106e+01
2.243927723735707147e+01,-1.023391867627369756e+01
1.661352821991955864e+01,-1.220098246447406432e+01
1.142733549203381749e+01,7.867712497830568807e+00
-1.320280152699005072e+01,-6.131373154340556297e+00
-1.854712915589983169e+01,1.078275468933217596e+01
4.932895391804287932e+00,9.052511602912170829e+00
-1.293699221923349008e+01,-1.943068926601799973e+00
1.034081202487280216e+01,-4.615789554106257409e-02
-1.538427901232424233e+01,-1.793746372702201164e+00
8.765411241737176340e+00,1.627255903410382132e+01
1.908301213404339336e+01,2.476387501299318927e+01
-8.248964752081533902e+00,-6.626858569360345008e+00
1.017732129233663052e+01,1.247416778656363689e+01
1.936414105944383834e+01,2.477044138455504907e+01
1.033625764177909723e+01,-2.602925761309105823e+01
-6.208360455824884383e+00,4.700850785522674435e+00
-6.099487911143370411e+00,-4.755596674148807601e+00
1.448514399248515261e+01,1.432042942245253592e+01
6.379064473309004057e-01,6.666382013318473909e+00
1.237061027991458140e+01,2.405855389296998581e+01
1.705964431885894683e+01,2.574495193654041714e+01
-1.255501763764442202e+01,5.268187704573549901e+00
-1.310216025319390454e+01,4.848585972686745293e+00
-1.402848366601213037e+01,1.338643317003542066e+01
-2.047562457936269009e+00,6.194033914455047807e+00
-2.695203240184956606e+00,8.850148276575779960e+00
1.703823808667940654e+01,1.784346174265825979e+01
1.821725436051412572e+01,2.334048269990421431e+01
1.651584315281090554e+01,-1.920696959211183952e+01
1.408001455744317809e+01,-1.797450503125143229e+01
-1.986463236692802281e-02,2.447198102074290205e+01
-1.894117909766001162e+01,2.817165853335908743e+00
-2.010450449414393148e+01,-5.903535458023989158e+00
2.138818738340593484e+01,7.946890924616009322e+00
-3.906025767732141940e+00,-1.370430673075657779e+01
1.134790181072510507e+01,-1.977244696114628653e+01
4.349380933127014792e+00,2.255918358010232438e+01
-2.164313915299146629e+01,6.279371349519081491e+00
-1.418982824078690719e+01,-1.450142015345373236e+00
2.462386994231264126e+01,1.434491419226426068e+01
-1.301442343428230863e+01,8.761819960850649736e+00
8.875360695073000628e+00,-2.144312581575387355e+01
7.536212802826129042e+00,2.272366634133204499e+01
-2.099104759715960000e+01,7.955072737852362241e-01
-1.934912238442269583e+01,-7.486236699191925581e+00
2.085311707042053442e+01,7.285398457596294897e+00
-5.375980239445898867e+00,-6.408208003054629565e+00
1.461408665403238238e+01,-1.983212689885871427e+01
-4.501505960400551953e-01,-8.155660357685261985e+00
-5.591805225231662568e+00,-1.174533209123964106e+01
-7.515113412948965177e+00,-1.129919175595293623e+01
5.790563695784450182e+00,-2.420156759722073403e+01
2.829363691022634697e+01,6.515899394907489039e+00
-1.070369804574387240e+00,2.684389788871440530e+01
-1.812051950318643634e+01,-6.401605849649992130e+00
-3.849622207873741875e+00,-3.461602916549714859e+00
-6.730364549291474319e-01,2.455586657410370321e+01
8.042141951041424264e+00,-1.816113018906484555e+01
7.440647139480836891e+00,-2.578116355728865017e+01
-2.217491059791801433e+01,1.237672833661811467e+00
-1.826171025741596310e+01,3.359707083922000681e+00
-2.199934799200752522e+01,4.859132097093042724e+00
8.604006752374512956e+00,-2.258320752645889939e+01
8.968188962677331233e+00,1.362589736642863159e+01
-2.376669356202671324e+01,3.054167505615522860e+00
-2.228329659132320373e+01,1.871366214035860454e+00
-1.423576739325545404e+01,-7.657209521678642439e+00
-2.033708460649254945e+01,-9.361411562130617980e+00
-1.852022926335052233e+01,-5.019314710904618337e+00
2.811621642965073065e+01,7.143845848322982306e+00
2.218654666098445460e+01,4.944775575295787817e+00
-1.539218723674188292e-02,2.574266958157173946e+01
3.614422738178551864e+00,3.081295905240915012e+00
1.038522874864624868e+01,-1.970428876769062398e+01
-7.224582646952059095e-01,-5.443441419088794753e+00
-2.459864801755641750e+01,2.752463026330069784e+00
-2.276381708701740081e+01,-3.454985645332648847e-01
1.373093396568342683e+01,-2.399819197155330031e+01
8.883057232506411438e+00,-1.932592200501387580e+01
-9.217144541770233568e-01,2.677138276322833121e+01
-1.871626603525570687e+01,-5.139799759030322157e+00
-2.226291216899355518e+01,-3.162733980466880812e-01
-7.404124915537647622e-01,2.281822728780126752e+01
2.328090966875717882e+01,1.325718347282375476e+01
-1.991827667988069095e+01,-8.262390366521623619e+00
5.114946535457602916e-01,2.688915781478966949e+01
-2.032735335081846628e+01,9.760476580137639191e-01
-4.345621573522997494e+00,2.860070563708294245e+01
3.152759392433532781e+01,4.837109407817680840e+00
-1.679128917512793251e+01,6.221352600199548191e-05
-4.653380908298217378e+00,2.551514661546286789e+01
2.096244227439363073e+01,9.569005056609727333e+00
7.682704151060393727e+00,-1.617149450236772168e+01
-1.379825763817232875e+00,-1.272655839583119430e+01
-1.715195240653803666e+01,-1.145779285399595437e+01
3.166530487113040859e+00,1.796869853208170298e+01
-6.312700071317712158e+00,-2.139568325467865240e+00
2.830050498246380286e+01,3.931977229007559860e+00
2.644035545793574116e+01,1.046350500496815528e+01
-1.965123270448865611e+01,-3.804495597820844455e-01
-2.109955233512576811e+01,3.512560908193211873e+00
-2.644287765946453916e+01,8.557618512021251789e+00
-9.469474512963182988e+00,-1.219640292841941509e+01
-9.408055469595574039e+00,7.086890712752894395e+00
2.669881601724711473e+01,7.462189327150642093e+00
2.758621701162660500e+01,1.210758047407828641e+01
8.613208124115432796e+00,-2.132114475458315539e+01
-1.938363785510956205e+01,-8.312925985782007032e+00
4.125290395075534633e+00,-2.541801733047920209e+01
6.119634517180420730e+00,-1.538499100442367373e+00
-2.098094756479957468e+01,1.233512616040032839e+01
-1.262284570471056000e+01,-1.240222039472707394e+01
1.656302649938958993e+01,1.360754839385193016e+01
-6.214538789039491640e+00,-1.946523478557389941e+00
1.218632050836550640e+01,-2.605676528225527377e+01
4.410965625147551528e+00,1.438175379496429152e+01
-1.331776445352482519e+01,3.645202357980092511e+00
-1.682999442527513168e+01,-9.738743503112154087e+00
1.662638955961474707e+01,1.818245597038481520e+01
-2.437691267302922071e+00,3.232483230277455544e+00
1.470910695614500519e+01,-2.231981970062993526e+01
1.015649209565699174e+01,1.191560375843951292e+01
-1.695957729474991282e+01,8.875364626219942821e+00
-2.035982005353856206e+00,-1.545756375478875100e+01
2.163390085514774341e+01,1.774462249139764225e+01
-1.693104730815444270e-01,2.405506015287024013e+00
1.865146535385511584e+01,-1.767999840752909435e+01
-1.096442161696976036e+01,-6.911686409944239884e+00
-3.389500618017861733e+00,-3.440754843227244120e+00
-1.387304074428023615e+00,-1.355676782965565685e+01
9.465912265286096527e+00,-2.375430286320767337e+01
2.253787941842863418e+01,1.184397374692886373e+01
7.142706866939083632e+00,7.600651633332675239e+00
-1.735454917785342843e+01,-1.046592143275593578e+01
2.064623486145704678e+00,1.468605852557915092e+00
1.795314924008894364e+00,1.314274182932169666e+01
1.158561821752581800e+01,-2.440006730797780676e+01
1.444668957271721688e+01,-1.885634530472837156e+01
-1.923194702133726608e+01,7.191848203462358313e+00
-1.979405719271041164e+01,6.337829103828410027e+00
-1.792088857565866178e+01,2.860344082316311987e+00
5.985616410468211690e+00,-2.838847374061082718e+01
-9.816156408252153298e+00,1.204726517692112431e+01
-1.391651168393159743e+01,-1.484111496585251988e+00
-9.716733728303532658e+00,-8.162304409243709813e+00
-1.003688822922710067e+01,-7.208703202962816192e+00
-9.138403371905225114e+00,-1.257924536999164289e+01
-1.107030440290741957e+01,-6.750307910088623409e+00
2.284739825010835546e+01,1.307494735615130210e+01
1.722076356117891649e+01,1.750322527149878127e+01
3.886404401028404454e+00,1.217079543318432933e+01
6.709873650220743890e+00,-9.543316556630664138e+00
1.394847633551342447e+01,-2.151190136869724867e+01
-3.670073017423171713e+00,-4.720168194120514471e+00
-1.852555762171187936e+01,1.245259220172265024e+01
-2.054060219304873769e+01,8.923670083487508009e+00
1.156714461850373077e+01,-2.678277952633826686e+01
6.823842272338124459e+00,-2.251068962001592766e+01
3.431253058069453576e+00,1.986100331067431668e+01
-1.352128474374281630e+01,-7.079494262286014639e+00
-1.726681801545673878e+01,5.572579500577640843e+00
8.763576210382780118e+00,2.109108574308254802e+01
2.289208914969079700e+01,6.419534344456086394e+00
-1.345077290324483243e+01,-5.808337432719987703e+00
2.145560638563114964e+00,1.460445301546190677e+01
-2.036573980124067873e+01,-2.587426246770227145e+00
3.579422829049300425e+00,1.431685075134269347e+01
2.167684901701311162e+01,1.215461985272636980e+01
-1.738153962091008609e+01,-3.152314894495346742e+00
2.452673019826286271e+00,1.203965304762689037e+01
2.028209891884091576e+01,1.582232558671297440e+01
1.163333752267993937e+01,-1.952665508353382862e+01
-4.399351626331419851e+00,-1.989036812041640845e+00
-7.754870818015840328e+00,-8.421556908270222408e+00
9.824339747517681687e+00,8.436411258878209196e+00
-5.906763840551647604e+00,-1.439021474793092059e+00
1.991502070129682878e+01,1.100911871697151945e+01
2.140878716585377006e+01,1.485900353842466437e+01
-1.815771754873705746e+01,6.314559217766801069e+00
-2.247145957720931264e+01,6.524142453291744914e+00
1.987213262413570769e+00,7.640560646503000264e+00
-3.121906954677320822e+00,4.016300550280043069e+00
7.335204984499020142e+00,1.267876599834576679e+00
2.404544260606235184e+01,1.006642694371570812e+01
1.372339974204096791e+01,1.934612534690131724e+01
1.163839866175981719e+01,-2.340219294230981717e+01
1.013382902244029893e+01,-2.663702386232331065e+01
-1.406549959931888694e+01,1.518883883178859229e+01
-4.692074399780476135e+00,5.371947171925462783e+00
-8.782847553951016906e+00,-1.537502027679341410e+01
1.682445983559598091e+01,1.069509117772105000e+01
7.329619410470777474e+00,-1.019658270326181260e+01
9.062050701861005919e+00,-2.212753196497506991e+01
-1.242072795501581339e+01,1.189979270425332736e+01
-1.244412783932750344e+01,8.632563472802063487e+00
-1.561789903891838449e+01,-1.141942344208136895e+01
1.126193338850645276e+01,7.425157753356216972e+00
-1.528805313507871855e+00,-1.851382298594495879e+01
7.566232426103538522e+00,-2.512179562578552350e+01
-1.356161699368990625e+01,1.595593762487115796e+01
-1.100865396705941990e+01,2.783656135986915636e+00
-1.357268019137301884e+01,-2.963398576036513798e+00
1.968406621807347534e+01,9.445287223439249757e+00
-2.768559192232373345e+00,-1.701501416771580466e+01
1.347789240602229022e+01,-2.529945219701864900e+01
-3.032510413783817249e+00,-9.354090505945679368e+00
-2.994217796217240490e+00,-1.674582687601063213e+01
2.849162639716900647e-01,-1.671685334942927881e+01
4.555027081391723520e+00,-2.616563564779912454e+01
2.027695182983627120e+01,6.344717257832502177e+00
-6.297476030883747633e+00,1.583594350419330787e+01
-1.768068030382764633e+01,-9.412638307109508773e+00
-2.395146811632595796e+00,-1.753687170443371457e+01
-2.605851976983599716e+00,1.590479506629380602e+01
8.526693920734937038e+00,-2.388774501322183141e+01
6.166911608454607396e+00,-3.041868403753606032e+01
-1.661496993022707613e+01,5.715754061289032073e+00
-1.400257120566319990e+01,8.159194861785225683e+00
-1.750292512776867682e+01,1.738376215806730629e+00
1.593114145578791430e+01,-2.255702017170710150e+01
-5.687088747048640869e+00,1.513780243641523349e+01
-1.435865136388902918e+01,7.990205351901070507e+00
-1.317696837016357669e+01,-9.309158962221719236e+00
-1.276676638357297833e+01,-1.843467600318939503e+01
-6.780614358397807351e+00,-9.851990685975659190e+00
-9.815463507024245970e+00,-8.091014364529700131e+00
2.577850481297448582e+01,9.191978070995443062e+00
1.127267531538278611e+01,1.241200273135257959e+01
-7.242692783902487941e-01,1.509389870201927053e+01
-1.825274253451505624e+00,-9.556463681974969759e+00
1.240012172870377327e+01,-1.646879254303937401e+01
7.209199117831847081e-01,-1.772492820820221837e+01
-1.508728642417966626e+01,4.248421676692319515e+00
-2.223713736579480837e+01,2.292670766685023676e+00
5.353762996266844709e+00,-2.387225384570418996e+01
1.053868446539969916e+01,-2.293903876036058520e+01
-7.703921342095442881e+00,1.714330318349562532e+01
-1.406626531525741619e+01,-6.923319796306370399e+00
-1.712358957061416120e+01,6.361144431654349951e+00
-7.795394956499824168e+00,1.674619544910320812e+01
1.397739381402232439e+01,1.026267815706713193e+01
-1.003940631574189624e+01,-2.844788735529482970e+00
-5.665307554716624949e+00,1.373706269504936373e+01
-6.801525098843867134e+00,-5.202567754919019016e+00
-1.394119813319557011e+01,1.915359235584642406e+01
2.150041465519285211e+01,5.054912660909959499e+00
-1.798839277226142030e+01,-7.935409530400255207e+00
-8.048794583494206512e-01,1.876111379608262553e+01
2.248068038111304645e+01,5.521241515483629847e+00
6.953624963901175349e+00,-2.763968008990130798e+01
-1.428497649434584460e+00,-1.888219732152717967e+01
-1.634033596280195511e+01,-9.703125446958628331e+00
-9.292057591105599812e+00,1.619533524005727188e+01
-3.436262609871978846e+00,-1.144675313236393244e+01
1.857619552759904025e+01,2.350411843565460401e+00
2.672566594017242991e+01,6.731402781703341276e+00
-1.891331930959687924e+01,1.110609555507009460e+01
-2.725479216110185376e+01,2.917414970208721758e+00
-1.428897978787304623e+01,7.383723408682450362e+00
7.781789881938037112e+00,-8.580577133520884914e+00
-2.443473918113677534e+00,-1.833390738723671731e+01
9.978808230665892509e+00,6.885483211687380312e+00
1.610239454005452231e+01,4.331029481947430426e+00
1.074160613118838725e+01,-2.766096813858348824e+01
1.351716953766325346e+01,-2.367393936982400504e+01
2.327566878134106787e+00,2.705877892884454994e+01
-1.974573484989173267e+01,1.961953723299051378e+00
-1.167954258824896918e+01,-4.327406394178358262e+00
2.199092090966077961e+01,1.933859506675786122e+01
7.282500938893422315e+00,-5.312336352120785143e+00
9.098985005800711789e+00,-1.794999647328358350e+01
2.110053574743623539e+00,2.259540687391824321e+01
-1.775064725983393998e+01,1.575198999147469303e+00
-1.155608437802113997e+01,-1.295605916718893980e+01
2.533000539180154931e+01,2.080901424352694562e+01
-3.156460890427186250e-01,-2.074533867801300779e+00
1.750081483652967762e+01,-1.937608566200639615e+01
5.813995357508134454e+00,2.053200575606666334e+01
-1.977201361260836876e+01,-2.865527602706601673e+00
-1.457324884825890621e+01,-1.315654094686075748e+00
2.367614918382789213e+01,8.623371955053066529e+00
-2.697281703628908733e+00,-1.138406954964466866e+00
1.397964264179027438e+01,-1.807075887323133401e+01
2.034329990047774928e+01,3.629583056115099349e-01
4.352143934002550840e-01,8.806096147146812214e+00
3.827218163668314244e+00,4.393488036361010707e+00
1.125177419577572202e+01,-2.565592022104291559e+01
2.183551836380933509e+01,1.450392419786785325e+01
7.218661788509431076e+00,2.104566984884231928e+01
-2.322280518363228907e+00,-1.333434138966567950e+01
2.542340347915137411e-01,6.082305179620703939e+00
7.437262422894746372e+00,1.971522081895686185e+01
1.662169261830525357e+01,-1.954718820500480447e+01
7.442222345029044561e+00,-1.813006761155859436e+01
-1.621536952040504431e+01,-2.605199069423047131e+00
-1.516650279948188107e+01,2.734961965375154680e+00
-1.120470578773483084e+01,1.780660672425734337e+00
2.301007386013898426e+01,-4.928141093738197753e+00
-4.981903300470550633e+00,2.362157599063669977e+01
-9.290917539545741732e+00,-2.186036017381375984e+00
-1.343735571096533477e+01,-1.676722103166530786e+01
-1.687678208403580271e+01,-8.304178970232864998e+00
-1.495927889985755677e+01,-1.578150557193817782e+01
-1.862221610439221919e+01,-6.425627215490422373e+00
2.249460198029960978e+01,7.545465900670881965e+00
2.217628650906591758e+01,1.677917910539964907e+01
8.258371029970650312e+00,1.928177115245440021e+01
9.710828117166537155e+00,-3.711368931430423679e+00
1.887446087500950043e+01,-1.825399845052633196e+01
1.330147188790248336e+01,8.012243440025036689e-02
-1.401416067718849234e+01,-3.632801494634617656e-01
-1.371642790237383558e+01,6.283538848548863243e+00
1.489015481144997111e+01,-1.979238779587466013e+01
1.240476122847268492e+01,-2.039915677849564446e+01
-1.165395750172063316e+00,2.335161083420709716e+01
-1.212389952030478923e+01,-1.239320188633341324e+01
-1.779041569838610215e+01,-1.594159714995781130e+00
2.292509524678203459e+00,1.385159255765357145e+01
2.555973139267295835e+01,1.622729204298229533e+01
-1.494031619480703910e+01,-1.202758695982437942e+01
1.935013307403034899e+00,1.752790028910839482e+01
-7.000128555438481115e+00,2.187361689278727539e+00
6.705994882940535362e+00,2.151533674374412541e+01
2.123836904529497360e+01,7.312996611404837033e+00
-1.114350964253929632e+01,6.720185104637428630e-02
9.391875309802095728e+00,2.007845658942937561e+01
1.119543475291002821e+01,7.914014436699501331e+00
1.251634493009757598e+01,-1.925250630933006590e+01
-4.685996904074972491e+00,-5.655994401013965778e+00
-1.769970175686835390e+01,2.367654863706052826e+00
5.846407757248259784e+00,2.122944822453284530e+01
-3.116415725183377283e+00,6.314670263529045258e+00
1.703640845107586088e+01,2.608334314939230403e+00
1.762123954061756592e+01,1.024327200171385854e+01
-1.843271766554284952e+01,2.559701013009478832e+00
-1.763591859634828296e+01,1.293564230456182018e-01
-1.980702786821267480e+01,3.231513022372940025e+00
2.616483722366352627e+00,4.813914698914471657e+00
4.767390167633981379e-01,-5.144239390619582686e+00
2.750733222047324844e+01,2.630315211690207988e+00
1.699569321900882102e+01,9.540426381575144887e+00
1.251171114769884873e+01,-1.855607003034353042e+01
4.890313154073755442e+00,-2.307878337119654333e+01
-9.225247635006931901e+00,2.781029014706950875e+01
-2.382348126677111466e+01,7.357063976668041683e+00
-8.208043099440862633e+00,-1.655744848242541423e+00
2.093978841166516958e+01,8.690589253347999588e+00
-1.146242918780718512e+01,1.332427990503619419e+01
8.207499730241613278e+00,-3.058306888580189309e+01
-8.364152862204008443e+00,1.953933364459513911e+01
-2.822810636678251583e+01,9.144310596231724375e+00
-2.055794600583111276e+01,-4.259397260005179930e+00
2.502065151671315490e+01,1.631090222066881879e+01
-6.984601899001579461e+00,1.699745311616893240e+00
1.012239600383277960e+01,-1.922572124259408000e+01
-3.849320086380609851e+00,2.636728272094378411e+01
-2.143455702990895162e+01,4.754477050781354741e+00
-1.925075327139654746e+01,-8.315215477997140781e+00
2.556830463154217625e+01,5.149718726354789666e+00
-7.248711772578567469e+00,3.394529190221523329e+00
1.253888571133705376e+01,-2.411699794165598121e+01
-1.353667113241793807e+01,1.323312278052824098e+01
2.252559150619655615e+00,8.611817480456576135e+00
-1.201003986480088415e+01,1.382691781484663274e+01
1.359005547478519382e+01,-2.430224018833394695e+01
3.063196814402800428e+01,8.465435501245112349e+00
6.774940944479893368e+00,1.586549801196910714e+01
-1.683084521245295662e+01,-8.309137657276364664e+00
-7.103894339143722370e+00,9.908796667751122556e+00
-2.015684112193107946e+00,2.181476618431914716e+01
1.237276778324588200e+01,-1.596489360290023285e+01
1.638010533485599396e+01,-1.686223988924192341e+01
-2.250243355553941527e+01,8.560219071085670706e+00
-1.089722659168185004e+01,-3.809697425326116771e-01
-1.941828129881315235e+01,4.998600871974325344e+00
1.517007558785093302e+01,-2.292533407698887871e+01
-1.346311287949697544e+01,1.101788207421248700e+01
-2.031601458784653502e+01,1.015000105614247161e+01
-1.568835598041948032e+01,1.902856124578120811e+00
-1.344212435344560319e+01,-6.561894442158046070e-01
-8.847599206503055314e+00,-9.681103884609253640e+00
-1.168635585075637806e+01,-2.082142250138830253e+00
2.886761062094057806e+01,1.081024812009603053e+01
2.465888749147282510e+01,1.197592434662252359e+01
-2.441278002881057674e+00,1.956429843748537323e+01
-6.931444840977022182e+00,8.872942921290832174e+00
1.769972874105798866e+01,-2.117978801833530156e+01
-8.621526279682408145e+00,1.061899385965378784e+01
-1.608737814762740470e+01,7.072038630083412158e+00
-1.745266005842863777e+01,6.330163098315908066e+00
2.162040740155696739e+01,-1.162365465754559146e+01
5.476278079267594023e+00,-2.451558324272741274e+01
-3.512940226282317724e+00,2.002341466668445591e+01
-1.818174015040952085e+01,-7.551470238308132465e+00
-1.301143860176207845e+01,1.830305189832798884e+00
5.618339950046761233e-01,2.110599781492869909e+01
3.090430298449518887e+01,-3.689105807279280946e-01
-1.948367272643015014e+01,-2.314923396893780794e+00
-2.130896366037906109e+00,2.736585411611895324e+01
-1.696454956547782800e+01,-6.952091744369491622e+00
-2.810036957827076520e+00,2.621065795898909201e+01
2.236537642061720987e+01,9.082751918402401259e+00
-1.458997335602247603e+01,-4.646923102168405428e+00
-5.777048294146577057e+00,2.735308758404214302e+01
2.179085648367630768e+01,6.960131764705610458e+00
7.614023575445867387e+00,-2.546001584148051933e+01
-9.653477198617734345e+00,8.956885435843297216e+00
-1.573993465228386768e+01,-3.784902389723054039e+00
3.458884289032205128e+00,2.336405694033487279e+01
-4.636402626493524082e+00,5.990544245036329762e+00
2.499808773984374000e+01,1.007898126050617904e+01
2.585391981180259791e+01,1.452916019778041701e+01
-1.670179860994436538e+01,6.203190899399113611e+00
-2.856535624841242349e+00,-4.027396398288566992e+00
-1.848935899333993405e+01,-1.043808228902226576e+00
-1.156925154131712929e+01,7.594902486736321734e+00
-9.072279885510990738e+00,6.605720874995363978e+00
2.458381917898680413e+01,9.227317913989633524e+00
2.680042118440147547e+01,3.174485359200075685e+00
1.673393658660756245e+01,-1.735146722002920683e+01
-1.065998691734705517e+01,1.418713204872909195e+01
-2.467073837067202291e+01,9.394717738668063589e+00
-1.519200464770019643e+01,-1.328607931747634119e+01
3.251468304100647089e+01,3.775508699775937060e+00
-6.250360494602281491e+00,-6.592770559784505657e+00
4.503098428368788042e+00,-2.592014214462799160e+01
-1.577447798594412198e+01,1.464551305836115347e+01
-2.172717750051103636e+01,3.980271774822023989e+00
-1.321878171062878948e+01,-1.038551292827909656e+01
3.378107568652959714e+01,5.457663137360067473e+00
-7.563998216808415442e+00,-1.398514875212065256e+01
4.466413992722025661e+00,-2.533309132628763294e+01
-4.838079110038954411e+00,1.584933671440217040e+01
-2.666343225104639814e+01,7.547673332957969272e+00
-1.695758499065087577e+01,-8.511689674599102418e+00
2.693325008444314506e+01,4.831456938163046999e+00
-1.084926341766594682e+01,-1.210715837624718993e+01
1.076629984368900672e+01,-2.377396144459617133e+01
-1.040515521479060013e+01,-1.676533214128109961e+01
-6.260982829971121433e+00,-1.516409748216986664e+01
-1.140164295180233189e+01,-1.502195384720760352e+01
4.329046014935757469e+00,-2.650467642053641271e+01
2.572076610903362948e+01,4.836283628405068313e+00
-1.317248992974257682e+01,6.855853755684037765e+00
-1.325054005424802384e+01,-6.121071015315827424e+00
-1.206857202716977540e+01,-1.444782551932183168e+01
-1.364987361150865119e+01,5.578303563713149060e+00
-2.652537494300865717e+01,1.184779908892059197e+01
-1.899032618083284873e+01,4.619927596148087012e+00
5.631736962495346610e+00,-2.484423069986828381e+01
-1.003413750956597461e+01,9.800532430413889884e+00
-2.192021761043745443e+01,1.038097381334375591e+01
-1.917500421246429809e+01,-7.280256712899619842e+00
-1.366327471166737695e+01,-1.349435694947150566e+01
-8.067257749368273778e+00,-1.414504559219832380e+01
-1.378955033847114819e+01,-1.301844164521629565e+01
2.060635817185739782e+01,4.315967377195031318e+00
2.540942269969527700e+01,8.971305839616446676e+00
-1.358569238263461365e+01,1.117809696627711524e+01
-8.279941671628158417e+00,-1.412991346198546339e+01
-4.584664272828612996e-01,-2.829755045112997891e+01
-8.295688104120522155e+00,-1.637113212542707430e+01
-2.065120972056789128e+01,-6.524797775850741388e-01
-1.998769593018881707e+01,9.221826376815034365e+00
1.197714223942155209e+00,-2.360664194241870462e+01
2.296232110234492155e-03,-2.417663835621823054e+01
-1.231178857063172849e+01,1.186503944606960559e+01
-2.231834295165539661e+00,-1.718123657573947582e+01
-2.630537723132007599e+01,1.146764507832160440e+01
-9.357976885055270699e+00,1.410179737338684980e+01
2.411117049407168977e+01,-2.195313674312618701e+00
-1.739281864189966598e+01,-1.408907275950918070e+01
-1.345316281285681725e+01,1.336506529760565343e+01
-5.791664655605170964e+00,-1.428331313248063061e+01
-1.160803849231182028e+01,1.323356948721982818e+01
1.984751839543165630e+01,2.740788746900839623e+00
-1.450062839170361961e+01,-9.099559527204226228e+00
-1.291798823688464282e+01,8.885429718358576423e+00
2.266003148359028785e+01,1.216011222895421895e+01
6.409554582288975233e+00,-2.656680680350334356e+01
-7.560304621228711497e+00,-8.325197088339029605e+00
-1.407147147216243255e+01,-1.373154267240985327e+01
-1.099713123112700508e+01,1.047075814198659316e+01
-7.210779436678042664e+00,-1.615986062879053264e+01
3.015257789831819224e+01,8.512815439781300952e+00
2.670028279427516082e+01,4.185057971866262605e+00
-2.008481660954613801e+01,4.130680621226844984e+00
-1.651937515451400529e+01,6.168792581813996811e+00
-2.625164567074590138e+01,9.269222595372372808e+00
-5.653389430298848772e+00,-1.718574943325800675e+01
-1.295067713275071064e+01,-1.462391253843208894e+01
1.908975397577035338e+01,8.653318815381462414e+00
2.542885318867093147e+01,1.062212035463286419e+01
-4.877553414088520611e+00,-2.534188344369983170e+01
1.072688123810752536e+01,-2.281968767986161950e+01
4.604838278551047104e+00,1.695519475589330227e+01
-2.479264663432929794e+01,5.946751300553780872e+00
-1.656070532985906496e+01,-1.231871214210252496e+01
2.267933944889015763e+01,7.342843747989794778e+00
-1.168403862542020111e-01,7.469966749596177458e+00
1.282842345805459239e+01,-2.459796476644626395e+01
8.514305173768321744e-01,2.247938141204302553e+01
-1.567999062049286785e+01,4.392136172029658781e+00
-1.925290161152588908e+01,-1.210341976603643488e+01
2.194664208868023891e+01,4.786681125243998913e+00
-3.620779992551496296e+00,6.471585763493767907e+00
5.752777172965611641e+00,-1.933913899023894345e+01
-4.677773890946618884e+00,3.001320396387106371e+01
-1.923931814094658677e+01,-1.271986120032476963e-01
-1.792309927860603480e+01,-1.233449753681429328e+01
2.475156801014465913e+01,7.393282434121480229e+00
4.873889597399075235e+00,-8.326014145828375845e+00
4.832731626477368536e+00,-2.513328239816218712e+01
2.608627478698062774e+00,3.721117259674888711e+00
-8.023866149680599635e-01,8.101973170770092381e+00
5.900014446747688268e+00,1.005541103498510580e+01
1.392674682716877399e+01,-1.898223264883081995e+01
2.507870189651580262e+01,6.428697642388865319e-01
1.693102539749092639e+00,2.076740025355567099e+01
-1.535018357112692478e+01,-1.418912442673439145e+01
-3.717488118131553776e+00,-2.324807615953209172e+00
5.419463646066670082e-01,2.874840716884240521e+01
7.603413162541149184e+00,-1.231956517055454192e+01
1.080221728278157212e+00,-1.619544707733829370e+01
-1.672481580691324510e+01,-9.904175562470580729e-01
4.857509925865752365e+00,-2.986668000766694675e+01
8.088457189245836787e+00,1.741708981127640854e+01
-1.933547508448850039e+01,7.260972472768965069e-01
-2.307267969498198568e+01,-1.875451555618227673e+01
-1.859912445077382159e+01,-1.591991456282716300e+01
-2.308141081620223645e+01,-1.632121774599971786e+01
-2.189187738660857363e+01,-1.499353352996792843e+01
2.139095016125631687e+01,5.096632278961167550e+00
8.429439789355933854e+00,5.839509361064959769e+00
-5.005215829453856458e+00,2.870906589896878103e+01
8.025373748835807675e+00,1.902643389701110133e+00
6.787848119511542322e+00,-2.382446530837810172e+01
-2.571263943419047848e+00,6.946946847320706553e+00
-1.737002223592512706e+01,1.844934126414180253e-01
-1.472365516744544500e+01,-9.723829001838906194e+00
1.028994146609933757e+01,-2.664782413079506540e+01
7.568878561901671631e+00,-2.868713227371783603e+01
3.198645715042168769e-01,2.497307516609176048e+01
-1.949351393857309134e+01,-1.139025816304804017e+01
-2.853702979332479472e+01,6.290559999137329328e+00
-5.976723670061162785e+00,2.760811343595067768e+01
2.116048584492293472e+01,7.747597216772592610e+00
-1.973982289695453574e+01,-1.488284337117340428e+01
-3.793559347773124646e+00,1.886352494029857141e+01
-1.087792572444744366e+00,3.580907143055338970e+00
-1.786861605575841505e+00,2.688867818878430782e+01
2.074173199948949531e+01,1.108498280413027715e+01
-1.858065776356453114e+01,-1.591760820355765560e+01
2.847455311495635133e+00,2.217583966871794843e+01
2.571982268939487781e+01,4.181127959817398043e+00
9.743910133147794639e+00,-2.417472432528805371e+01
-1.905046671005620196e+00,2.014349384211490346e+00
-2.062164937315585433e+01,-1.213421674380189330e+01
-2.029612453250794424e+00,2.774617350644080815e+01
6.908650179846172357e+00,-6.371448420540197333e+00
2.873976954931641359e+01,1.709036496266579608e+00
1.991874362931996600e+01,2.128843820570569978e+00
-2.690735032079089351e+01,4.731006216354147753e+00
-1.575962913115379394e+01,9.114949552761256513e+00
-1.127945169092992295e+01,2.294987729995312975e+00
-9.034914952336963179e-01,6.771225613445100322e+00
9.249639001804508709e+00,8.963532762567143486e-01
2.622910569970185790e+01,3.907598003078919913e+00
1.970662044600562623e+01,9.446119446095634586e+00
6.815645483842767582e+00,-2.473135103306266203e+01
1.053523245529548547e+01,-2.291024921371466760e+01
5.421400969750912680e+00,1.852799794607704342e+01
-2.524221896315436098e+01,6.318177319811278281e+00
-2.282651524774094653e+01,-1.229812040342122614e+01
2.889175159405456839e+01,6.541264894606948488e+00
1.076044984357314327e+00,-1.176288325653895583e+01
1.259152136332751404e+01,-2.104308111305112661e+01
8.739417355941530019e+00,1.601080387125933768e+01
-2.583608491647869698e+01,7.776833452960261184e+00
-1.785473960309724362e+01,-1.244908457441783511e+01
3.237236136348320770e+01,3.657167812466537438e+00
-4.738570020306987374e+00,-1.192017990598379562e+01
1.113375571062195313e+01,-1.739373550016989611e+01
-2.330684281026333682e-03,2.044800934603582832e+01
-2.333617569084380605e+01,2.152034208066945009e+00
-1.531998255967796396e+01,-2.154329714996256584e+01
2.396195833245997164e+01,5.088314548342015797e+00
-9.272863794982377783e+00,2.253916780454988888e+00
7.970032510376493740e+00,-1.724439086156104040e+01
-9.176781013423793154e-02,-6.891755569688161387e+00
-1.029706762405405840e+01,3.319943180105892289e+00
-1.209071971243633747e+01,1.040859981709497362e+01
1.497496164551652420e+01,-2.617613485096127945e+01
3.260115339642123189e+01,3.371801405948917640e+00
-3.238693396739990682e+00,2.370865650579978023e+01
-1.411059653978173145e+01,1.314611130910460801e+01
9.472773100965117266e+00,-5.081793462814910178e+00
1.446858768508116677e+00,1.999689559569988972e+01
1.408887741693468598e+01,-2.840682061379537515e+01
1.269522139133315974e+01,-2.486900897532904509e+01
-2.433969147974020331e+01,2.061739249732868373e+00
-2.346290230327361925e+01,4.920890826223768499e+00
-2.452791315483989720e+01,5.073383702215922497e+00
1.225865411041357689e+01,-2.121812603767538974e+01
-5.852716754299081003e+00,3.000242247092988279e+01
-2.691113319875864107e+01,2.501875151353473825e+00
-1.350735098860655192e+01,-2.471273374687848445e+01
-1.971925551498486229e+01,-5.938732179115707055e+00
-1.648020885297155402e+01,-1.221870043350057777e+01
-1.799027393752780313e+01,-1.997571374437526615e+01
2.796824493973754144e+01,-5.360593119733598755e-01
3.118947568213229005e+01,5.235403380355628578e+00
-2.079678698446065344e+00,2.231040332654491465e+01
3.273793112574443054e+00,3.371053349617433970e+00
1.178585795316731399e+01,-1.694148422610882676e+01
-3.757877610260238921e+00,-8.731925065733380009e+00
-2.623612568149198410e+01,2.549199710568350596e+00
-1.985762158124743948e+01,-9.407748950696430690e-01
6.863082296408268057e+00,-1.958578965262332261e+01
9.378003262572136123e+00,-2.327999191997288975e+01
-6.012017069841682826e+00,2.846611184341454504e+01
-1.888616997658011343e+01,-3.770447786580550353e+00
-2.409664183293131146e+01,-1.539659685035983383e+00
-4.528722663954492411e+00,1.826940665241673756e+01
3.003624628618477388e+01,1.105746219201001956e+01
-1.557368942851393179e+01,-1.046237293450915651e+01
-1.053457283461857186e+00,2.611825270329182302e+01
-2.324948571861435553e+01,-3.449292675116518048e+00
1.573899394127671325e-01,2.505888578651879683e+01
3.188555646811622069e+01,4.391529966239930083e+00
-2.015071337615112057e+01,-7.577732258154020961e+00
4.001883943716278758e+00,1.436719232039506977e+01
3.250340976478278066e+01,4.283215261110616900e+00
1.136681099452181698e+01,-1.541083409970054952e+01
-9.824275729631894549e+00,2.006040976432325262e+00
-1.899262758210161550e+01,-1.585403092807673886e+00
5.119286174767033515e+00,1.067376559418109316e+01
-6.217690074757168617e+00,2.473726684790720665e+00
2.910337406589428966e+01,2.499551437502141482e+00
3.269008497087343557e+01,2.319343628071038665e+00
-1.894887290742842367e+01,1.227883751993100958e+00
-2.364612813718552431e+01,1.081153283695299061e+00
-2.712251473996040119e+01,9.777426547136208387e-03
8.602492713144932468e-01,-3.057942335113313259e+00
-7.908484777284280121e+00,2.665362814282044024e+00
3.028894180437975692e+01,1.934131288326658149e+00
1.889999597330328740e+01,6.946246023338488174e-01
5.606354590362641943e+00,-1.582714002295365319e+01
8.354227866086242571e+00,-2.033984173103760540e+01
9.316132453394068591e+00,-3.391734056284183119e+00
-1.112674389669718344e+01,-2.133067557840450323e+00
-2.485709660787740205e+01,-1.188140383425507807e+01
2.353783046963440384e+01,1.353372332383132370e+00
-3.206302580543974212e+00,-1.736549190772106499e+01
1.834198965291522043e+01,-1.842086164892792866e+01
1.822352984393986186e-01,2.191741387960851739e+01
-1.022788828905554759e+01,1.203591682213285496e+00
-1.419259499245412037e+01,-1.872791605264607284e+01
2.246633811722340113e+01,-5.997466417953220663e+00
-8.342490961296734397e+00,-1.163350025081170891e+01
1.356713529697741016e+01,-2.253582649941387572e+01
1.143010159419658933e+01,-6.921121367952610015e+00
-8.922920311489312084e+00,-1.309433125321958657e+00
-1.944250796518944924e+01,-1.012783498802108184e+01
1.807898496388120435e+01,1.371580470688765985e+00
2.996862023971564426e+00,-4.223109612692164561e+00
7.729669982080244139e+00,-2.830664845909617000e+01
-5.128520760894693886e+00,-6.786114848619480888e+00
-3.174219080444643654e-02,-2.255801140331805676e+00
-3.735436777308840384e+00,5.902541424612988141e-01
1.756854161143516890e+01,-1.099507381425448393e+01
2.696982466035036197e+01,-1.524501374107546381e+00
-3.287610919050443226e+00,2.903733748124358272e+01
-2.250005209217336954e+01,-1.274614563924773414e+01
-3.898858516716019018e+00,-8.585146031866470295e+00
-7.819022281001852370e+00,3.040879934174273558e+01
1.670839013889472113e+01,-2.205192429174035595e+01
1.714949985548461342e+01,-2.181291767402995063e+01
-1.197239354067334460e+01,-1.097638877829167825e+01
-6.470953154213097136e+00,-1.630890729298787534e+01
-7.697132176525935954e+00,-7.131575420316954350e+00
1.333796809421672691e+01,-2.758713537554910999e+01
1.185483830087309798e+01,2.954163626580116109e+00
-9.215711526632729189e+00,-8.621418567349724782e+00
-1.539790480642702875e+01,-5.532402480733944472e+00
-1.332321552118312091e+01,-1.602678054341757985e+01
-1.740951964769627125e+01,-1.826548208959459529e+01
-2.001724129735258018e+01,-2.147878104879870875e+01
2.359286519370413870e+01,2.359653582145809558e+00
3.073484603999055764e+01,3.833138125905741322e+00
-7.494006099997930548e+00,2.636164602558582359e+01
3.952157770397790593e-01,-9.983170559533693478e+00
1.524115391658574659e+01,-1.996010403736299921e+01
5.686442838717322701e+00,-2.910664611879604013e+00
-2.233620902531922781e+01,8.716734642763532825e-01
-4.699983099317174506e+00,-1.614465833055515631e+01
9.843752634027632453e+00,-2.558480955818780700e+01
7.258825882864301526e+00,-2.039983336570729833e+01
7.817409649218825862e+00,1.290359826499056517e+01
-2.297007235753834919e+01,-1.032538489545175864e+01
-1.573368089706408313e+01,3.285847581765251491e+00
-8.076767294143763820e+00,2.358079031125395986e+01
2.900150856677657885e+01,-6.417719696082174741e-01
-1.951515634746408878e+01,-1.930415112694252588e+00
-7.345665794293494422e+00,2.578225777030764476e+01
-2.211063314683797287e+01,-9.675820810357647517e+00
-7.175482348746619721e+00,2.985775528903344878e+01
2.355695494209592056e+01,-2.413809779481130846e+00
-1.557037224259568298e+01,-1.564214697102297791e+01
-2.733748084984598758e+00,2.678257746148177532e+01
2.999599368154783718e+01,8.431194039076995494e+00
1.577883525207239579e+01,-2.309839372116763556e+01
5.787733351860540054e+00,7.556510763689496812e+00
-2.388916546327267199e+01,-9.068812680779538837e+00
-1.305315872694540635e+00,2.374580432206764513e+01
-4.522758136011621133e+00,5.540809950835737574e+00
2.610341669402513176e+01,3.108040699806286167e+00
2.718302931364190300e+01,2.543671827128926033e+00
-9.531239805422705658e+00,-1.081689969668970797e+01
-1.644404584112338696e+01,-2.087435419922690993e+00
-1.549154811293930756e+01,-1.832212953590566240e+00
-4.264135947389933179e-01,-9.344409789620305773e+00
-7.096164749728057330e+00,-4.649307106313034232e+00
2.656783379486134677e+01,4.093404807864721384e+00
3.089866922777695990e+01,6.431593479378592271e-01
1.686104532238253029e+01,-1.263506628540849519e+01
1.719323536901367744e+00,-2.448262264946049527e+01
3.737541343849576592e+00,1.800630805455480044e+00
-2.274077690311624522e+01,6.848602267998454174e+00
-1.685566910091959159e+01,-8.406232903624703212e+00
1.571990024189595836e+01,7.956846798774011020e+00
-5.188283496280659435e+00,-1.285120556669387781e+01
4.741507645306075602e+00,-2.244227079623179577e+01
6.568424910075560952e+00,-4.414309295637268704e+00
-2.032862112581648262e+01,7.624633491488547854e+00
-1.843845385165659323e+01,-1.186837330445233363e+01
2.323295755090320469e+01,9.736100471246322385e+00
-6.768052742154682555e+00,-1.519975239667347822e+01
4.816189752466348395e+00,-1.996399656591157878e+01
6.682473923361254009e+00,3.706532754991514800e+00
-2.803044195653183124e+01,8.203379719337711151e+00
-1.863588195819970394e+01,-4.259161959573086520e+00
2.455134209259204781e+01,1.145261215224221196e+01
-6.510467642977303626e+00,-1.254672053611730398e+01
5.985281802267157225e+00,-2.006511028215704684e+01
-8.369061336277681562e+00,-1.694124163966554164e+01
-8.433758368169995023e+00,-1.584934908156420086e+01
-1.334451690339388819e+00,-1.415299392876717910e+01
6.291155003808587942e+00,-2.114604020646291360e+01
3.092528927567490982e+01,9.451232658862410929e+00
9.646275997924155021e+00,-7.735062370186908787e+00
-1.917546342019034711e+01,-1.005900482644976357e+01
-8.070981333136101554e+00,-1.766431625061961697e+01
8.159015916456102246e+00,-1.023234493469154138e+01
7.485266551973651872e+00,-2.375714400317517061e+01
3.612659793146471454e+00,-2.204783101596281725e+01
-2.493838644138045879e+01,7.777233866043722799e+00
-2.409059547834035797e+01,7.160100599864999360e+00
-2.406064433350520559e+01,6.548815683130945864e+00
4.627870028376936062e+00,-2.932796377562151235e+01
4.829090615502120265e+00,-9.844936769849912395e+00
-2.314687401891853824e+01,9.650872283661307449e+00
-2.131796467707154363e+01,-4.526624241064197918e+00
-2.067525597065214527e+01,-9.600511514899094934e+00
-1.976875814058753278e+01,-1.071084376778035896e+01
-2.118787051268839505e+01,-1.570793662570137883e+01
1.995005346932475376e+01,1.028969724403032160e+01
2.592649833409393167e+01,1.103604061254007185e+01
5.651420471278330027e+00,-1.011546332044880359e+01
-1.786769900246370169e+00,-1.224013733116050240e+01
6.410627268657022704e+00,-2.840708325016338165e+01
-1.978786418389756774e+00,-1.240212207982489367e+01
-2.512576020819438227e+01,9.216091035818870125e+00
-2.680660026098470894e+01,6.787095369110891951e+00
3.421371587107653323e+00,-2.810752464582828480e+01
8.735463867615640865e+00,-2.272166537276343945e+01
7.324941491842045238e+00,-1.449658737605504477e+01
-1.949412752043856756e+01,-7.264879835940925901e+00
-1.920999824755232055e+01,2.663215418318532812e+00
2.284722698291536513e+00,-2.329071600641268613e+00
2.683616520827574803e+01,8.838043963234811784e+00
-1.882457505107670670e+01,-7.242301588894927811e+00
5.777314597794894979e+00,4.214963419931904376e+00
-1.719662530706038339e+01,-1.430407415847424701e+01
5.272557342455812979e+00,-6.120429105007900716e+00
2.602526708635466690e+01,1.096210791292314113e+01
-1.516503922213718702e+01,-1.392437101983760073e+01
1.053606330281272285e+01,-1.411733965676631364e+01
2.232123200420406661e+01,1.323024803196184074e+01
5.025610417612700331e+00,-2.219862483633137984e+01
-7.376029618651931408e+00,-1.461777047491611548e+01
-2.148312962501475099e+01,-5.929151946177615429e+00
4.961254046509269600e+00,-6.967883060403617712e+00
-9.525364197272764955e+00,-1.294471492839343263e+01
2.656187975465689632e+01,1.006324699835136016e+01
1.745182645048304337e+01,1.203065377915378953e+01
-2.928364527218292324e+01,8.126147587678929085e+00
-2.146129635561597482e+01,3.971509530481619893e-02
-2.139630501592604617e+01,8.303580960581321335e+00
-2.144886637632430926e+00,-1.264039209071920311e+01
-4.137959292508804232e+00,-9.138008383451843741e+00
2.416157018064373219e+01,1.187475938975487644e+01
2.613129429062337650e+01,1.649082445921281348e+01
6.527475479345721254e+00,-2.339453231893703844e+01
1.733559848482323318e+01,-2.111082246213798541e+01
1.648687329230536402e+00,2.844430848982775473e+01
-1.363666706453128619e+01,6.955146027130932218e+00
-1.357474645978566308e+01,6.142188724238719644e-01
2.252137259822842452e+01,9.524495125811606400e+00
-2.075877073274491114e+00,5.071653528463783367e+00
1.563145645344501666e+01,-1.851146094730997760e+01
-7.500928346564781357e-01,2.332190094871479502e+01
-1.958631766804560526e+00,-4.298625732581327519e+00
-9.215826347064664859e+00,-6.815129247940255652e+00
2.310646957374867227e+01,8.195499443393197581e+00
5.985086395598959719e+00,7.695747932603937080e+00
1.489504312619162896e+01,-1.695610028119324397e+01
6.834136614958622680e+00,2.115451656101655686e+01
-7.221704228005866533e+00,3.457154573566096900e+00
-1.931489461919676032e+01,-2.423549578838023244e+00
1.914216268842347191e+01,5.701948768827117320e+00
-2.470541281251137367e+00,7.368345139951546052e+00
2.299923968669493846e+01,2.210757683885295144e+00
-9.498648303783790325e+00,1.552055868214396916e+01
-4.628948724409601923e+00,1.596369026724010709e+00
2.411832476029353245e+00,8.746452769194108967e+00
1.219632629143357505e+01,-2.227267817145225592e+01
2.719352625050349559e+01,6.640947476970430863e+00
-5.774600834887128720e+00,2.910735647158496775e+01
-1.861681871733144078e+01,1.346236309244073226e+01
-1.123595461803431395e+00,-7.131602140826956315e+00
-2.718870266728178997e+00,2.668215747359571210e+01
1.814525704145910723e+01,-3.690929901323003026e+00
9.204373838574566591e+00,-1.580507580795077693e+01
-1.955744138823595879e+00,-1.590296043506897661e+01
-2.716336343653461327e+01,6.450048448824142966e+00
-1.225604393030076844e+00,-4.677207043928374830e+00
1.472035078007805531e+01,-1.199312599082599107e+01
5.738999239389382723e+00,2.674743950032308604e+01
-2.096710723358173567e+01,3.717941534645931245e+00
-1.542419794336287353e+01,1.333788808770193057e+01
-1.689199921201662136e+01,1.422267116917113228e+01
-8.758978629843458208e+00,1.017958840011359101e+01
-1.593840393154820134e+01,1.034606064366191802e+01
1.536648327256007107e+01,9.341665664747363707e+00
-1.101796521765136916e+01,1.233710198993762042e+01
5.614948734226590243e-01,2.978841168808786577e+01
-5.376205339704736019e+00,8.141412714571853115e+00
2.184697708662616122e+01,-5.182922733163004558e+00
3.560313745753587611e+00,1.172994887018449539e+01
-7.663960557815834740e+00,-2.148940701576966372e+00
1.315514887056173166e+01,-2.801785668602589752e+01
-2.589117853139882630e+00,2.848583763745431696e+01
-1.811035288519200748e+01,-1.621346024185768009e+00
-2.293417409448722921e+01,8.918601002098004216e+00
-5.822604734555677730e+00,2.538424842743796006e+01
-4.709605955819608170e+00,1.336092090743617611e+01
-1.141442476112735172e+01,-3.964157326571384754e+00
-4.910638008015241418e+00,3.159496822069015920e+01
-9.755748418885447748e+00,3.458974184836490218e-01
-3.451537035579391954e+00,3.058922863366525746e+01
2.755477669997204515e+01,5.397837597735941628e+00
-1.685348288582913412e+01,-2.992187630006323040e+00
-4.796919633262914040e+00,2.932179853301908423e+01
2.527916118427988579e+01,1.275926754780663508e+01
2.158646033843731260e+01,-1.591289243065801529e+01
-2.755107568275617869e+00,1.230008869244343295e+01
-1.505669998818212640e+01,-7.032812228873707383e+00
-4.843329571558977698e+00,2.717073613780360120e+01
-8.993355369685843925e+00,1.186581993926894008e+01
2.439285005083741709e+01,9.210459659607527882e+00
1.431207076126120903e+01,1.211665139606339814e+01
-1.727431649709492234e+01,1.219946250441310376e+01
-1.275993716013531021e+01,-6.351514140411053333e+00
4.685751969017117879e+00,7.197526902854759712e+00
1.574644776491741061e+00,1.337471616277122699e+01
-9.258225221827007800e+00,6.969363895418865695e+00
2.667586032786845252e+01,6.896874618002054369e+00
1.455690378917243777e+01,-2.272767949523730735e+01
5.429821586802004774e+00,-2.216823074290160633e+01
4.946442176933661394e-01,1.650663816497888803e+01
-2.306462254952923630e+01,5.574181054413610781e+00
-8.268317726273020085e+00,6.087554330761139887e-02
1.581025540484127312e+01,8.633901087850922806e+00
2.628745095669143605e+00,-1.281285068532166882e+01
8.005071185961107005e+00,-2.227894423002490143e+01
9.979579805952200289e+00,2.241284401887627098e+01
-1.133097613972306128e+01,9.780403886562249127e+00
-1.153223467263576474e+01,9.048639444126131082e+00
3.011486296412314445e+01,5.007125194297224802e+00
6.444326044272755460e+00,-4.542167378802614230e+00
8.811696934725366859e+00,-1.845809478856701347e+01
4.806716238490898463e-01,1.907200642743944030e+01
-1.296085785069614182e+01,4.436414141587381899e+00
-8.497051182885481779e+00,5.923842647022329544e+00
3.073752005445701840e+01,4.802167827003975376e+00
1.470823406940771250e+01,-5.946490862678036393e+00
9.135169361175938363e+00,-2.495366146200888835e+01
5.177623643909012863e+00,-1.644616979120726352e+00
7.578431203178994657e+00,-1.152234210430743255e+00
8.272864395375335578e-01,-9.779454512121154020e-01
1.893155799304415510e+01,-1.711091639374380335e+01
3.163723807622972473e+01,4.922086949875040141e+00
-6.841679104428803893e-01,1.953283338525848478e+01
-5.803709654215269964e+00,1.189271631353991943e+01
7.345577175299088601e+00,-5.942537622282061172e+00
1.718442039100761543e+00,2.464849940779264870e+01
1.045708899292801775e+01,-2.130850498906730195e+01
1.232258415906919247e+01,-2.284163595245732736e+01
-1.716394276047958556e+01,4.515031849307773321e-02
-2.537101608933635788e+01,1.025040316342687596e+01
-1.950446944954287787e+01,4.342985922715156377e+00
1.505961981125169835e+01,-1.070384012646676908e+01
-1.062593092274467799e-01,2.143710958179191195e+01
-1.821647748749609264e+01,6.917533098242462763e+00
-8.475566305309884640e+00,5.413661944944359483e+00
-5.780695359718484028e+00,6.291253232935257955e+00
5.389641615149546316e-01,4.698599593923832862e-01
-7.697372995353550351e+00,6.637565038757073488e+00
2.931249978948112656e+01,1.094346665569157118e+01
2.509465848686101452e+01,1.099642468739240719e+01
3.838891753605091495e+00,2.050483840103604649e+01
6.890366881334600180e+00,-8.710933462568705821e+00
1.010798117832189646e+01,-1.862899102824485098e+01
1.335384554869159146e+01,-8.802717472939898258e+00
-1.620104804002878041e+01,5.279104421665972602e+00
-2.053016633435412075e+01,1.882834178305426320e+00
1.113542447512834066e+01,-2.046641708044888119e+01
5.639710474624945569e+00,-1.908035724691726998e+01
9.429753347626041560e+00,1.588218752932136368e+01
-1.370595311376830416e+01,4.953637908668167000e+00
-1.480620566222097700e+01,2.174575451984468444e+00
6.764773414096870718e-01,1.842120061616604687e+01
2.771431712174936024e+01,5.090244304274336606e+00
-1.589069435420807785e+01,-1.684237756089474569e+00
-6.352541330324427138e-01,2.052653526833499953e+01
-1.133242901974393035e+01,8.761630568373390826e-01
5.762656187911239236e+00,2.430158986712440594e+01
3.262159244468075769e+01,-1.752410242755403358e-01
-3.748556185661142681e+00,4.404527638853322991e+00
8.021037557405612972e+00,1.754400591799082676e+01
2.432456242141545033e+01,1.037642297031628402e+01
1.036132651929641746e+01,-9.415887371195784894e+00
-1.069677446277305322e+00,-1.422181817455120978e+01
-1.524372002592655129e+01,-2.083158477885964199e+00
5.653500878005261576e+00,1.717171353790508448e+01
1.164162016496252505e+00,-7.831460906914807119e+00
2.452186971782509062e+01,7.450790323083313460e+00
2.732991256610851494e+01,9.946789656600866891e+00
-2.047287766477487381e+01,7.553238561520411842e+00
-2.144730497115667234e+01,1.376612356308795881e+01
-2.020033455328530891e+01,7.767638178042263419e+00
8.482059455606409060e+00,-8.070230854679309118e+00
2.436319005322160169e+00,-1.102843605130042981e+01
3.084986547813462465e+01,6.306384440056183927e+00
3.214391422662733078e+01,1.057477494762564696e+01
1.646964972050213305e+01,-2.136013731615402023e+01
